Workbook
Name FeaturePhases: 'Lists'!$A$2:$A$2
Name DefectPhases: 'Lists'!$B$2:$B$5
Name LifecycleStatuses: 'Lists'!$C$2:$C$8
Name Severities: 'Lists'!$D$2:$D$5
Name Owners: 'Lists'!$E$2:$E$8
Name TestResults: 'Lists'!$G$2:$G$6
Name ActivationStates: 'Lists'!$I$2:$I$3
Name VerificationStatuses: 'Lists'!$F$2:$F$6
Name FixStatuses: 'Lists'!$J$2:$J$6

Sheet Summary
A1: Portfolio Feature Ledger
A2: Canonical 77-story post-fix reconciliation — 2026-08-23 14:31 America/New_York
A4: Key counts
A5: Features | C5: Candidate defects | E5: Runtime test runs
A6: =COUNTA(Features!$A$2:$A$78) | C6: =COUNTIF(Defects!$C$2:$C$14,"Candidate") | E6: =COUNTA('Test Runs'!$A$2:$A$31)
A8: Counts by phase
A9: Phase | B9: Features | C9: Defects | D9: Test Runs | E9: Total Records
A10: Code Inventory | B10: =COUNTIF(Features!$B$2:$B$78,A10) | C10: =COUNTIF(Defects!$B$2:$B$14,A10) | D10: =COUNTIF('Test Runs'!$B$2:$B$31,A10) | E10: =SUM(B10:D10)
A11: Static UX Audit | B11: =COUNTIF(Features!$B$2:$B$78,A11) | C11: =COUNTIF(Defects!$B$2:$B$14,A11) | D11: =COUNTIF('Test Runs'!$B$2:$B$31,A11) | E11: =SUM(B11:D11)
A12: Runtime Discovery | B12: =COUNTIF(Features!$B$2:$B$78,A12) | C12: =COUNTIF(Defects!$B$2:$B$14,A12) | D12: =COUNTIF('Test Runs'!$B$2:$B$31,A12) | E12: =SUM(B12:D12)
A13: Baseline Verification | B13: =COUNTIF(Features!$B$2:$B$78,A13) | C13: =COUNTIF(Defects!$B$2:$B$14,A13) | D13: =COUNTIF('Test Runs'!$B$2:$B$31,A13) | E13: =SUM(B13:D13)
A14: Post-Fix Verification | B14: =COUNTIF(Features!$B$2:$B$78,A14) | C14: =COUNTIF(Defects!$B$2:$B$14,A14) | D14: =COUNTIF('Test Runs'!$B$2:$B$31,A14) | E14: =SUM(B14:D14)
A15: Baseline status | C15: Fix status | E15: Post-fix status
A16: Status | B16: Count | C16: Status | D16: Count | E16: Status | F16: Count
A17: Not Run | B17: =COUNTIF(Features!$M$2:$M$78,A17) | C17: Not Started | D17: =COUNTIF(Features!$P$2:$P$78,C17) | E17: Not Run | F17: =COUNTIF(Features!$Q$2:$Q$78,E17)
A18: Pass | B18: =COUNTIF(Features!$M$2:$M$78,A18) | C18: In Progress | D18: =COUNTIF(Features!$P$2:$P$78,C18) | E18: Pass | F18: =COUNTIF(Features!$Q$2:$Q$78,E18)
A19: Pass with caveat | B19: =COUNTIF(Features!$M$2:$M$78,A19) | C19: Fixed | D19: =COUNTIF(Features!$P$2:$P$78,C19) | E19: Pass with caveat | F19: =COUNTIF(Features!$Q$2:$Q$78,E19)
A20: Fail | B20: =COUNTIF(Features!$M$2:$M$78,A20) | C20: Deferred | D20: =COUNTIF(Features!$P$2:$P$78,C20) | E20: Fail | F20: =COUNTIF(Features!$Q$2:$Q$78,E20)
A21: Blocked | B21: =COUNTIF(Features!$M$2:$M$78,A21) | C21: Won't Fix | D21: =COUNTIF(Features!$P$2:$P$78,C21) | E21: Blocked | F21: =COUNTIF(Features!$Q$2:$Q$78,E21)
A24: Defect status | C24: Defects by severity | E24: Runtime results
A25: Status | B25: Count | C25: Severity | D25: Count | E25: Status | F25: Count
A26: Documented | B26: =COUNTIF(Defects!$C$2:$C$14,A26) | C26: Critical | D26: =COUNTIF(Defects!$D$2:$D$14,C26) | E26: Passed | F26: =COUNTIF('Test Runs'!$H$2:$H$31,E26)
A27: Candidate | B27: =COUNTIF(Defects!$C$2:$C$14,A27) | C27: High | D27: =COUNTIF(Defects!$D$2:$D$14,C27) | E27: Passed with caveat | F27: =COUNTIF('Test Runs'!$H$2:$H$31,E27)
A28: Planned | B28: =COUNTIF(Defects!$C$2:$C$14,A28) | C28: Medium | D28: =COUNTIF(Defects!$D$2:$D$14,C28) | E28: Candidate | F28: =COUNTIF('Test Runs'!$H$2:$H$31,E28)
A29: In Progress | B29: =COUNTIF(Defects!$C$2:$C$14,A29) | C29: Low | D29: =COUNTIF(Defects!$D$2:$D$14,C29) | E29: Failed | F29: =COUNTIF('Test Runs'!$H$2:$H$31,E29)
A30: Verified | B30: =COUNTIF(Defects!$C$2:$C$14,A30) | E30: Not Run | F30: =COUNTIF('Test Runs'!$H$2:$H$31,E30)
A31: Deferred | B31: =COUNTIF(Defects!$C$2:$C$14,A31)
A32: Closed | B32: =COUNTIF(Defects!$C$2:$C$14,A32)
A34: Instructions and operating rules
A35: 1. All 77 stories retain canonical baseline status/evidence and now have a final Post-Fix Status of Pass or Blocked; Post-Fix Fail and Not Run are zero.
A36: 2. Post-Fix Evidence preserves the raw lane observation and artifact paths. PF-PROJ-011 alone is reconciled from raw Fail to Pass after an intentional PERF-IMG-001 contract update.
A37: 3. Nine authorized product, UX, accessibility, QA, and performance repairs are Fixed/Verified; PERF-IMG-001 was promoted from Candidate before repair verification.
A38: 4. PF-SHELL-004, PF-NAV-008, and PF-PROJ-010 remain honestly Blocked because their preference, unsafe-input, or zero-result preconditions are unavailable in the shipped runtime.
A39: 5. PERF-NAV-001, DESIGN-AI-001, CAND-RUNTIME-METADATA-001, and CAND-RUNTIME-ANALYTICS-001 are Closed/Rejected with retained rationale and evidence.
A40: 6. Stable Feature, Defect, and Test Run IDs are unique; defect links are bidirectionally reconciled; formulas and evidence paths are validated before handoff.
A41: 7. PF-PROJ-015, the catalog story for a client project that left the portfolio, was removed on 2026-10-13; the remaining Feature IDs are unchanged.

Sheet Features
A1: Feature ID | B1: Phase | C1: Area / Route | D1: Actor | E1: User Story | F1: Preconditions | G1: Action | H1: Expected Behavior | I1: Responsive / Accessibility Expectation | J1: Source Evidence | K1: Existing Automated Test Evidence | L1: Activation State | M1: Baseline Status | N1: Baseline Evidence | O1: Defect IDs | P1: Fix Status | Q1: Post-Fix Status | R1: Post-Fix Evidence | S1: Notes | T1: Owner | U1: Created At | V1: Updated At
A2: PF-SHELL-001 | B2: Code Inventory | C2: Global shell / all routes | D2: Visitor | E2: As a visitor, I want an English, dark-themed portfolio shell. | F2: Any route renders. | G2: Load a page. | H2: Root HTML declares English, smooth scrolling, responsive fonts, and an ambient background behind route content. | I2: Device-width viewport; viewport-fit=cover; semantic lang=en; background is aria-hidden. | J2: src/app/layout.tsx:6-20; src/lib/site-metadata.ts:52-56; src/components/AnimatedBackground.tsx:1-13 | K2: src/components/__tests__/AnimatedBackground.test.tsx:5-24; src/app/(site)/layout.test.tsx:98-164 | L2: Active | M2: Pass | N2: Pass — lang=en; dark color-scheme; viewport-fit=cover; fixed ambient environment is aria-hidden; scoped routes render at all required widths. Evidence: /tmp/portfolio-feature-audit/baseline/core/shell-home-head-and-link-safety.json; /tmp/portfolio-feature-audit/baseline/core/home-390-full.png; /tmp/portfolio-feature-audit/baseline/core/about-768-full.png; /tmp/portfolio-feature-audit/baseline/core/not-found-1440-full.png | O2: DESIGN-AI-001 | P2: Won't Fix | Q2: Pass | R2: Pass — At all three required widths, HTML was lang=en with dark color scheme, 320px minimum, smooth scrolling in normal mode, and an ambient background behind visible content. Evidence: /tmp/portfolio-feature-audit/postfix/core/390/home-diagnostics.json; /tmp/portfolio-feature-audit/postfix/core/390/home-full.png; /tmp/portfolio-feature-audit/postfix/core/1440/home-full.png | T2: Unassigned | U2: 46257 | V2: 46257.605
A3: PF-SHELL-002 | B3: Code Inventory | C3: Global styles | D3: Keyboard/low-vision visitor | E3: As a keyboard user, I want visible focus and no horizontal page overflow. | F3: Focusable control exists. | G3: Tab through controls or render at narrow width. | H3: .focus-ring shows a 2px cyan outline with offset; document clips horizontal overflow and has a 320px minimum. | I3: Focus-visible only; avoids accidental horizontal scrolling. | J3: src/app/globals.css:47-59,77-85 | K3: src/app/globals.test.ts:9-56; e2e/helpers.ts:3-10 | L3: Active | M3: Pass | N3: Pass — Tab walk covered every Home control at desktop/mobile; settled focus ring is 2px #a9edfa with 3px offset; document scrollWidth equals clientWidth on Home, About, and 404 at 390/768/1440. Evidence: /tmp/portfolio-feature-audit/baseline/core/home-1440-focus-walk.jsonl; /tmp/portfolio-feature-audit/baseline/core/home-full-list-focus-after-transition.json; /tmp/portfolio-feature-audit/baseline/core/home-390-dom.json; /tmp/portfolio-feature-audit/baseline/core/about-390-dom.json; /tmp/portfolio-feature-audit/baseline/core/not-found-390-dom.json | P3: Not Started | Q3: Pass | R3: Pass — First Tab revealed a solid 2px rgb(169,237,250) outline with 3px offset; document width equaled viewport at 390, exact 768, and 1440. Evidence: /tmp/portfolio-feature-audit/postfix/core/390/skip-focus.json; /tmp/portfolio-feature-audit/postfix/core/390/home-diagnostics.json; /tmp/portfolio-feature-audit/postfix/core/768/home-diagnostics.json; /tmp/portfolio-feature-audit/postfix/core/1440/home-diagnostics.json | T3: Unassigned | U3: 46257 | V3: 46257.605
A4: PF-SHELL-003 | B4: Code Inventory | C4: Global motion | D4: Motion-sensitive visitor | E4: As a motion-sensitive visitor, I want animation removed. | F4: OS/browser requests reduced motion. | G4: Load or interact. | H4: Smooth scroll, entrance animations, orbs, hover/active transforms, and transitions are disabled while content stays visible. | I4: Honors prefers-reduced-motion: reduce. | J4: src/app/globals.css:310-357 | K4: src/app/globals.test.ts:19-34 | L4: Active | M4: Pass | N4: Pass — prefers-reduced-motion matched; html scroll behavior became auto; sampled orbs, reveal elements, links, and transitions reported animation none/0s and content opacity 1. Evidence: /tmp/portfolio-feature-audit/baseline/core/about-1440-reduced-motion.json; /tmp/portfolio-feature-audit/baseline/core/about-1440-reduced-motion.png | P4: Not Started | Q4: Pass | R4: Pass — With reduced motion emulated, scroll became auto, reveal/orb animation became none/0s, transform became none, transition duration became 0s, and h1 content remained visible. Evidence: /tmp/portfolio-feature-audit/postfix/core/390/reduced-motion.json | T4: Unassigned | U4: 46257 | V4: 46257.605
A5: PF-SHELL-004 | B5: Code Inventory | C5: Global transparency | D5: Transparency-sensitive visitor | E5: As a visitor requesting reduced transparency, I want opaque surfaces. | F5: OS/browser requests reduced transparency. | G5: Load a page. | H5: Glass/window/glow surfaces become opaque, backdrop blur is removed, and noise overlay is hidden. | I5: Honors prefers-reduced-transparency: reduce; fallback also exists for browsers without backdrop-filter. | J5: src/app/globals.css:359-380 | K5: src/app/globals.test.ts:35-47 | L5: Active | M5: Blocked | N5: Blocked — The required agent-browser Chromium session only exposes color-scheme and reduced-motion media emulation; it cannot emulate prefers-reduced-transparency, so the runtime preference branch could not be activated without out-of-scope instrumentation. Evidence: /tmp/portfolio-feature-audit/baseline/core/reduced-transparency-emulation-limit.txt | P5: Deferred | Q5: Blocked | R5: Blocked — The configured agent-browser Chromium session cannot emulate prefers-reduced-transparency. Static CSS/unit coverage passed, but the runtime media state could not be activated honestly. Evidence: /tmp/portfolio-feature-audit/postfix/core/static-unit-verification.txt; /tmp/portfolio-feature-audit/postfix/core/feature-contracts.json | T5: Unassigned | U5: 46257 | V5: 46257.605
A6: PF-SHELL-005 | B6: Code Inventory | C6: Global responsive clearance | D6: Mobile/tablet visitor | E6: As a visitor, I want content and anchor targets clear of fixed navigation. | F6: Viewport is below or above 48rem. | G6: Navigate/scroll to content. | H6: Mobile bottom clearance includes safe area; at 48rem+ top scroll padding becomes 9rem and bottom padding resets to 2rem. | I6: Uses safe-area env vars; exact 768px handoff. | J6: src/app/globals.css:26,47-51,303-308; src/app/(site)/layout.tsx:21-28 | K6: src/app/globals.test.ts:48-56; src/app/(site)/layout.test.tsx:166-174; e2e/navigation.spec.ts:8-22 | L6: Active | M6: Pass | N6: Pass — At 390 the dock is fixed 92px high and main padding-bottom is 192px; at exact 768 only the 92px header is visible, scroll-padding-top is 144px, main padding-bottom is 48px, and no overflow occurs. Evidence: /tmp/portfolio-feature-audit/baseline/core/home-390-dom.json; /tmp/portfolio-feature-audit/baseline/core/home-768-dom.json; /tmp/portfolio-feature-audit/baseline/core/not-found-390-full.png; /tmp/portfolio-feature-audit/baseline/core/not-found-768-full.png | O6: RESP-CONTACT-001 | P6: Fixed | Q6: Pass | R6: Pass — Mobile main padding-bottom was 192px below the 92px fixed dock. At exact 768, top/scroll padding was 144px, bottom main padding 48px, scroll bottom padding 32px, and headings cleared the dock. Evidence: /tmp/portfolio-feature-audit/postfix/core/390/home-diagnostics.json; /tmp/portfolio-feature-audit/postfix/core/768/home-diagnostics.json; /tmp/portfolio-feature-audit/postfix/core/768/home-full.png | T6: Unassigned | U6: 46257 | V6: 46257.605
A7: PF-NAV-001 | B7: Code Inventory | C7: All main routes | D7: Keyboard visitor | E7: As a keyboard user, I want to bypass repeated navigation. | F7: Home/site/404 shell rendered. | G7: Focus and activate “Skip to content.” | H7: Focus-revealed link moves to focusable #main-content. | I7: Visually hidden until focus; safe-area-aware placement; main has tabIndex=-1. | J7: src/components/HomeShell.tsx:3-16; src/app/(site)/layout.tsx:13-28; src/app/not-found.tsx:35-49 | K7: src/app/not-found.test.tsx:27-46; no direct activation E2E | L7: Active | M7: Pass | N7: Pass — On Home and 404 at 390, first Tab exposed a full-width 44px target with 2px cyan outline; Enter set #main-content and focused main with tabIndex -1. About exposes the same link in its accessibility tree. Evidence: /tmp/portfolio-feature-audit/baseline/core/home-390-skip-focused.json; /tmp/portfolio-feature-audit/baseline/core/home-390-skip-activated.json; /tmp/portfolio-feature-audit/baseline/core/not-found-390-skip-focused.json; /tmp/portfolio-feature-audit/baseline/core/not-found-390-skip-activated.json; /tmp/portfolio-feature-audit/baseline/core/about-1440-a11y.txt | P7: Not Started | Q7: Pass | R7: Pass — First Tab visibly focused Skip to content; Enter changed the hash and focused MAIN#main-content. Evidence: /tmp/portfolio-feature-audit/postfix/core/390/skip-focus.json; /tmp/portfolio-feature-audit/postfix/core/390/skip-activated.json | T7: Unassigned | U7: 46257 | V7: 46257.605
A8: PF-NAV-002 | B8: Code Inventory | C8: Primary navigation / all public routes | D8: Desktop/tablet visitor | E8: As a visitor, I want access to Home, About, Projects, and Contact. | F8: Viewport >=48rem. | G8: Activate a header nav item. | H8: Navigate to /, /about, /projects, or /contact; Home forces document navigation, others avoid prefetch. | I8: Header is hidden below 48rem; 44px minimum controls; aria-label="Primary navigation". | J8: src/data/navigation.ts:14-19; src/components/Sidebar.tsx:12-76; src/components/NavLink.tsx:39-62 | K8: src/components/__tests__/Sidebar.test.tsx:11-96; src/components/__tests__/NavLink.test.tsx:23-93; e2e/navigation.spec.ts:8-22 | L8: Active | M8: Pass | N8: Pass — All four destinations navigated at exact 768/1440. An injected marker persisted across About/Projects/Contact SPA transitions and cleared on Home, proving Home document navigation. Visible route controls are 44px minimum. Existing PERF-NAV-001 is separately confirmed for failure/latency feedback. Evidence: /tmp/portfolio-feature-audit/baseline/core/nav-desktop-about-projects.json; /tmp/portfolio-feature-audit/baseline/core/nav-desktop-projects-contact.json; /tmp/portfolio-feature-audit/baseline/core/nav-desktop-contact-about.json; /tmp/portfolio-feature-audit/baseline/core/nav-desktop-about-home.json; /tmp/portfolio-feature-audit/baseline/core/home-768-dom.json | O8: PERF-NAV-001 | P8: Won't Fix | Q8: Pass | R8: Pass — All four destinations were present in the only visible primary navigation; actual dock/header and CTA activation reached Home, About, Projects, and Contact. Evidence: /tmp/portfolio-feature-audit/postfix/core/390/home-diagnostics.json; /tmp/portfolio-feature-audit/postfix/core/390/mobile-dock-about-url.txt; /tmp/portfolio-feature-audit/postfix/core/390/mobile-dock-home-url.txt; /tmp/portfolio-feature-audit/postfix/core/390/home-explore-url.txt; /tmp/portfolio-feature-audit/postfix/core/390/home-start-project-url.txt; /tmp/portfolio-feature-audit/postfix/core/768/nav-about-url.txt | T8: Unassigned | U8: 46257 | V8: 46257.605
A9: PF-NAV-003 | B9: Code Inventory | C9: Primary navigation / all public routes | D9: Mobile visitor | E9: As a mobile visitor, I want a reachable bottom dock. | F9: Viewport <48rem. | G9: Tap one of four route items. | H9: Navigate to the selected route through a fixed bottom dock. | I9: Safe-area paddings; minimum 56px items; truncated labels; exactly one primary nav visible. | J9: src/components/MobileNav.tsx:6-46; src/components/HomeNavigation.tsx:65-73 | K9: src/components/__tests__/MobileNav.test.tsx:10-53; e2e/navigation.spec.ts:8-22; e2e/helpers.ts:13-27 | L9: Active | M9: Pass | N9: Pass — At 390 only the mobile dock is visible; it is fixed, 92px high, and all four items are 85x58px. Home/About/Projects/Contact were each reached through the dock with the correct active state. Evidence: /tmp/portfolio-feature-audit/baseline/core/home-390-dom.json; /tmp/portfolio-feature-audit/baseline/core/nav-mobile-about.txt; /tmp/portfolio-feature-audit/baseline/core/nav-mobile-projects.txt; /tmp/portfolio-feature-audit/baseline/core/nav-mobile-contact.txt; /tmp/portfolio-feature-audit/baseline/core/home-390-focus-walk.jsonl | O9: PERF-NAV-001 | P9: Won't Fix | Q9: Pass | R9: Pass — At 390 there was exactly one visible fixed bottom navigation (92px high) with four routes; About and Home activations navigated correctly. Evidence: /tmp/portfolio-feature-audit/postfix/core/390/home-diagnostics.json; /tmp/portfolio-feature-audit/postfix/core/390/mobile-dock-about-url.txt; /tmp/portfolio-feature-audit/postfix/core/390/mobile-dock-home-url.txt | T9: Unassigned | U9: 46257 | V9: 46257.605
A10: PF-NAV-004 | B10: Code Inventory | C10: Primary navigation state | D10: Visitor/assistive tech | E10: As a visitor, I want the current route identified. | F10: Current pathname equals a nav href. | G10: Load/switch route. | H10: Active solid icon/style is used and internal link exposes aria-current="page"; 404 marks none active. | I10: Screen-reader current-page semantics; icon decorative. | J10: src/components/NavLink.tsx:27-34,53-61; src/components/Sidebar.tsx:43-75; src/components/MobileNav.tsx:13-42; src/app/not-found.tsx:42-44 | K10: src/components/__tests__/NavLink.test.tsx:47-79; src/components/__tests__/MobileNav.test.tsx:37-53; src/components/__tests__/Sidebar.test.tsx:49-61 | L10: Active | M10: Pass | N10: Pass — Home, About, Projects, and Contact each exposed one visible current route after navigation; the invalid route exposed none. Evidence: /tmp/portfolio-feature-audit/baseline/core/nav-desktop-about-home.json; /tmp/portfolio-feature-audit/baseline/core/nav-desktop-about-projects.json; /tmp/portfolio-feature-audit/baseline/core/nav-desktop-projects-contact.json; /tmp/portfolio-feature-audit/baseline/core/nav-desktop-contact-about.json; /tmp/portfolio-feature-audit/baseline/core/not-found-390-dom.json | P10: Not Started | Q10: Pass | R10: Pass — Home and About each exposed exactly the correct current route across mobile/tablet/desktop; the invalid route exposed zero current links. Evidence: /tmp/portfolio-feature-audit/postfix/core/390/home-diagnostics.json; /tmp/portfolio-feature-audit/postfix/core/390/about-diagnostics.json; /tmp/portfolio-feature-audit/postfix/core/768/about-diagnostics.json; /tmp/portfolio-feature-audit/postfix/core/390/not-found-diagnostics.json | T10: Unassigned | U10: 46257 | V10: 46257.605
A11: PF-NAV-005 | B11: Code Inventory | C11: Header CTA | D11: Prospective client | E11: As a prospect, I want a persistent way to start a project. | F11: Any public route rendered. | G11: Activate “Start a project.” | H11: Navigate to /contact. | I11: Icon-only presentation at constrained widths retains aria-label; minimum 44px target. | J11: src/components/Sidebar.tsx:106-117; src/components/HomeNavigation.tsx:58-60 | K11: src/components/__tests__/Sidebar.test.tsx:88-96 | L11: Active | M11: Pass | N11: Pass — At exact 768 the CTA is named Start a project, measures 155.8x44px, and navigates to /contact; Home hero CTA keyboard activation also reached /contact. Evidence: /tmp/portfolio-feature-audit/baseline/core/header-cta-768-metrics.json; /tmp/portfolio-feature-audit/baseline/core/header-cta-768-result.txt; /tmp/portfolio-feature-audit/baseline/core/home-hero-start-keyboard-result.txt | O11: PERF-NAV-001 | P11: Won't Fix | Q11: Pass | R11: Pass — The 1440 header CTA was visible with an accessible label and activated /contact; the Home primary CTA also reached /contact. Evidence: /tmp/portfolio-feature-audit/postfix/core/1440/home-diagnostics.json; /tmp/portfolio-feature-audit/postfix/core/1440/header-cta-url.txt; /tmp/portfolio-feature-audit/postfix/core/390/home-start-project-url.txt | T11: Unassigned | U11: 46257 | V11: 46257.605
A12: PF-NAV-006 | B12: Code Inventory | C12: Header social links | D12: Visitor | E12: As a visitor, I want professional profile links. | F12: Viewport >=96rem (2xl) header social nav visible. | G12: Activate GitHub, LinkedIn, or Defendre Solutions icon. | H12: Open configured external destination in a new tab with opener protection. | I12: Dedicated aria-label per icon; icons hidden from AT; 44px targets. | J12: src/data/socials.ts:4-20; src/components/Sidebar.tsx:92-104; src/components/HomeNavigation.tsx:51-57 | K12: src/components/__tests__/Sidebar.test.tsx:62-73; src/components/__tests__/HomeNavigation.test.tsx:5-13; src/data/__tests__/socials.test.ts:3-39 | L12: Active | M12: Pass | N12: Pass — At 1536 all three controls were visible at 44x44px with noopener noreferrer and opened the configured GitHub, LinkedIn, and Defendre Solutions destinations. Existing A11Y-EXT-001 disclosure gap remains. Evidence: /tmp/portfolio-feature-audit/baseline/core/home-1536-interactive.txt; /tmp/portfolio-feature-audit/baseline/core/home-1536-external-links.json; /tmp/portfolio-feature-audit/baseline/core/social-github-tabs.txt; /tmp/portfolio-feature-audit/baseline/core/social-linkedin-tabs.txt; /tmp/portfolio-feature-audit/baseline/core/social-studio-tabs.txt | O12: A11Y-EXT-001 | P12: Fixed | Q12: Pass | R12: Pass — At supplementary 1536, GitHub, LinkedIn, and studio controls were visible with disclosed new-tab names, protected rel values, and correct destinations; all three were activated successfully. Evidence: /tmp/portfolio-feature-audit/postfix/core/1440/social-1536-diagnostics.json; /tmp/portfolio-feature-audit/postfix/core/external/social-github-tabs.txt; /tmp/portfolio-feature-audit/postfix/core/external/social-linkedin-tabs.txt; /tmp/portfolio-feature-audit/postfix/core/external/social-studio-tabs.txt | T12: Unassigned | U12: 46257 | V12: 46257.605
A13: PF-NAV-007 | B13: Code Inventory | C13: Footer / home and site routes | D13: Visitor | E13: As a visitor, I want authorship attribution. | F13: Page shell renders. | G13: Activate Defendre Solutions footer link. | H13: Open https://defendresolutions.com in a protected new tab; display “Built with intent.” | I13: Centered stack on mobile, split row at sm; link has focus treatment. | J13: src/components/HomeShell.tsx:11-14; src/app/(site)/layout.tsx:30-49 | K13: src/app/(site)/layout.test.tsx:152-164; no direct footer-link assertion | L13: Active | M13: Pass | N13: Pass — Home and About footers expose the studio link plus Built with intent; both opened the studio in a protected new tab and participated in the complete keyboard focus walk. Evidence: /tmp/portfolio-feature-audit/baseline/core/home-1440-a11y.txt; /tmp/portfolio-feature-audit/baseline/core/about-1440-a11y.txt; /tmp/portfolio-feature-audit/baseline/core/home-footer-studio-tabs.txt; /tmp/portfolio-feature-audit/baseline/core/about-footer-studio-tabs.txt; /tmp/portfolio-feature-audit/baseline/core/home-1440-focus-walk.jsonl | O13: A11Y-EXT-001 | P13: Fixed | Q13: Pass | R13: Pass — Footer attribution and Built with intent rendered; its disclosed Defendre Solutions link opened the correct protected external destination. Evidence: /tmp/portfolio-feature-audit/postfix/core/1440/home-diagnostics.json; /tmp/portfolio-feature-audit/postfix/core/external/footer-studio-tabs.txt; /tmp/portfolio-feature-audit/postfix/core/1440/about-full.png | T13: Unassigned | U13: 46257 | V13: 46257.605
A14: PF-NAV-008 | B14: Code Inventory | C14: Link safety utility | D14: Visitor/security system | E14: As a visitor, I want unsafe URLs neutralized. | F14: Component receives an href. | G14: Render/click link. | H14: Allow relative/anchor/http/https/mailto/tel; block protocol-relative, javascript/data, empty, or invalid href by substituting # or omitting a link. | I14: Security behavior; external blank targets receive noopener noreferrer. | J14: src/utils/url.ts:1-23; src/components/NavLink.tsx:36-46; src/components/ProjectCard.tsx:67,204-218; src/app/(site)/contact/page.tsx:30-35 | K14: src/utils/__tests__/url.test.ts:4-32; src/components/__tests__/NavLink.test.tsx:39-91; src/components/__tests__/ProjectCard.test.tsx:45-76 | L14: Active | M14: Blocked | N14: Blocked — Runtime DOM crawl found only anchor, relative, and https hrefs, no unsafe rendered anchors, and secure rel on blank-target links. No public control accepts an href, so the negative unsafe-input substitution path cannot be exercised through the requested user-story browser lane without component instrumentation. Evidence: /tmp/portfolio-feature-audit/baseline/core/shell-home-head-and-link-safety.json; /tmp/portfolio-feature-audit/baseline/core/home-1536-external-links.json | P14: Deferred | Q14: Blocked | R14: Blocked — Relative/http/https links worked in the fixed browser build and 15 URL/NavLink/global unit cases passed. The fixed UI exposes no controllable unsafe href input, so negative production-DOM substitution could not be injected without modifying source. Evidence: /tmp/portfolio-feature-audit/postfix/core/static-unit-verification.txt; /tmp/portfolio-feature-audit/postfix/core/390/home-diagnostics.json | T14: Unassigned | U14: 46257 | V14: 46257.605
A15: PF-HOME-001 | B15: Code Inventory | C15: / hero | D15: Visitor | E15: As a visitor, I want Steve’s positioning and availability immediately. | F15: Home route loads. | G15: Read hero. | H15: Show availability, veteran/full-stack founder identity, main value proposition, and build scope. | I15: Fluid heading; content/image order swaps at lg; semantic h1; decorative indicators hidden. | J15: src/app/(home)/page.tsx:31-71 | K15: src/app/(home)/page.test.tsx:51-70 | L15: Active | M15: Pass | N15: Pass — All required positioning copy and one h1 are present; portrait precedes copy on mobile and moves beside copy at desktop; 390/768/1440 captures are legible without overflow. Evidence: /tmp/portfolio-feature-audit/baseline/core/home-1440-a11y.txt; /tmp/portfolio-feature-audit/baseline/core/home-390-full.png; /tmp/portfolio-feature-audit/baseline/core/home-768-full.png; /tmp/portfolio-feature-audit/baseline/core/home-1440-full.png | O15: DESIGN-AI-001 | P15: Won't Fix | Q15: Pass | R15: Pass — Responsive captures/accessibility tree showed the semantic h1, availability badge, veteran/full-stack identity, founder narrative, and application/booking/portfolio/tools scope. Evidence: /tmp/portfolio-feature-audit/postfix/core/390/home-a11y.txt; /tmp/portfolio-feature-audit/postfix/core/390/home-full.png; /tmp/portfolio-feature-audit/postfix/core/1440/home-full.png | T15: Unassigned | U15: 46257 | V15: 46257.605
A16: PF-HOME-002 | B16: Code Inventory | C16: / hero external link | D16: Visitor | E16: As a visitor, I want to learn about Defendre Solutions. | F16: Home hero visible. | G16: Activate “Defendre Solutions.” | H16: Open https://defendresolutions.com in a protected new tab. | I16: Underlined, focus-ring link; readable inline. | J16: src/app/(home)/page.tsx:59-70 | K16: src/app/(home)/page.test.tsx:51-70 | L16: Active | M16: Pass | N16: Pass — The link has target blank plus noopener noreferrer, opened the intended studio, and received a visible 2px focus outline. Existing A11Y-EXT-001 new-tab-name disclosure gap remains. Evidence: /tmp/portfolio-feature-audit/baseline/core/home-1536-external-links.json; /tmp/portfolio-feature-audit/baseline/core/home-hero-studio-tabs.txt; /tmp/portfolio-feature-audit/baseline/core/home-hero-studio-focus-diagnostic.json | O16: A11Y-EXT-001 | P16: Fixed | Q16: Pass | R16: Pass — Accessible name now discloses the new tab; target/rel were protected and activation opened Defendre Solutions. Evidence: /tmp/portfolio-feature-audit/postfix/core/390/home-interactive.txt; /tmp/portfolio-feature-audit/postfix/core/390/home-diagnostics.json; /tmp/portfolio-feature-audit/postfix/core/external/home-studio-tabs.txt | T16: Unassigned | U16: 46257 | V16: 46257.605
A17: PF-HOME-003 | B17: Code Inventory | C17: / hero primary CTA | D17: Prospect | E17: As a prospect, I want to start a project. | F17: Home hero visible. | G17: Activate “Start a project.” | H17: Navigate to /contact. | I17: Stacks full-width on small screens, row at sm; minimum 48px. | J17: src/app/(home)/page.tsx:73-80 | K17: src/app/(home)/page.test.tsx:51-70 | L17: Active | M17: Pass | N17: Pass — Keyboard Enter reached /contact; control measured 48px high at desktop and 316x48px at 390. Evidence: /tmp/portfolio-feature-audit/baseline/core/home-hero-start-keyboard-focus.json; /tmp/portfolio-feature-audit/baseline/core/home-hero-start-keyboard-result.txt; /tmp/portfolio-feature-audit/baseline/core/home-390-dom.json | P17: Not Started | Q17: Pass | R17: Pass — The visible Home primary CTA activation reached /contact at mobile width. Evidence: /tmp/portfolio-feature-audit/postfix/core/390/home-start-project-url.txt; /tmp/portfolio-feature-audit/postfix/core/390/home-full.png | T17: Unassigned | U17: 46257 | V17: 46257.605
A18: PF-HOME-004 | B18: Code Inventory | C18: / hero secondary CTA | D18: Visitor | E18: As a visitor, I want to explore work. | F18: Home hero visible. | G18: Activate “Explore the work.” | H18: Navigate to /projects. | I18: Same responsive CTA group and focus/hover states as primary. | J18: src/app/(home)/page.tsx:81-86 | K18: src/app/(home)/page.test.tsx:51-70 | L18: Active | M18: Pass | N18: Pass — Click reached /projects; mobile capture shows a full-width 48px secondary CTA and the focus walk reports a 2px visible outline. Evidence: /tmp/portfolio-feature-audit/baseline/core/home-explore-result.txt; /tmp/portfolio-feature-audit/baseline/core/home-390-full.png; /tmp/portfolio-feature-audit/baseline/core/home-390-focus-walk.jsonl | P18: Not Started | Q18: Pass | R18: Pass — The visible secondary CTA activation reached /projects at mobile width. Evidence: /tmp/portfolio-feature-audit/postfix/core/390/home-explore-url.txt; /tmp/portfolio-feature-audit/postfix/core/390/home-full.png | T18: Unassigned | U18: 46257 | V18: 46257.605
A19: PF-HOME-005 | B19: Code Inventory | C19: / headshot | D19: Visitor/assistive tech | E19: As a visitor, I want a clear founder portrait and identity. | F19: Image optimizer available. | G19: Load hero image. | H19: Show responsive, high-priority headshot with founder/engineer/veteran caption. | I19: Descriptive alt; responsive sizes; eager high-priority image. | J19: src/app/(home)/page.tsx:90-112; src/components/ResponsiveImage.tsx:20-43 | K19: src/app/(home)/page.test.tsx:51-70; no direct optimizer selection test | L19: Active | M19: Pass | N19: Pass — Accessibility tree exposes the descriptive founder portrait; runtime image is eager/high priority and the caption is visible at 390/768/1440. Existing PERF-IMG-001 concerns hidden/below-fold media, not this required LCP portrait. Evidence: /tmp/portfolio-feature-audit/baseline/core/home-1440-a11y.txt; /tmp/portfolio-feature-audit/baseline/core/home-390-dom.json; /tmp/portfolio-feature-audit/baseline/core/home-390-full.png | O19: PERF-IMG-001 | P19: Fixed | Q19: Pass | R19: Pass — The visible hero portrait retained descriptive founder/veteran/full-stack alt, eager loading, high fetch priority, responsive geometry, and identity caption. The hidden nav avatar was separately lazy/low. Evidence: /tmp/portfolio-feature-audit/postfix/core/390/home-diagnostics.json; /tmp/portfolio-feature-audit/postfix/core/768/home-diagnostics.json; /tmp/portfolio-feature-audit/postfix/core/1440/home-diagnostics.json | T19: Unassigned | U19: 46257 | V19: 46257.605
A20: PF-HOME-006 | B20: Code Inventory | C20: / telemetry | D20: Visitor | E20: As a visitor, I want quick operating context. | F20: Home hero visible. | G20: Read telemetry. | H20: Present Studio, Build mode, and Operating edge as definition data. | I20: One-column mobile, three columns at sm; semantic dl/dt/dd. | J20: src/app/(home)/page.tsx:6-19,115-129 | K20: src/app/(home)/page.test.tsx:51-70 | L20: Active | M20: Pass | N20: Pass — Accessibility snapshot exposes three term/definition pairs; captures show one-column at 390 and three columns at 768/1440. Evidence: /tmp/portfolio-feature-audit/baseline/core/home-1440-a11y.txt; /tmp/portfolio-feature-audit/baseline/core/home-390-full.png; /tmp/portfolio-feature-audit/baseline/core/home-768-full.png | P20: Not Started | Q20: Pass | R20: Pass — All three dt/dd pairs rendered with the expected values and responsive layout. Evidence: /tmp/portfolio-feature-audit/postfix/core/390/home-diagnostics.json; /tmp/portfolio-feature-audit/postfix/core/1440/home-full.png | T20: Unassigned | U20: 46257 | V20: 46257.605
A21: PF-HOME-007 | B21: Code Inventory | C21: / selected work | D21: Visitor | E21: As a visitor, I want a curated subset of work. | F21: Project catalog has >=4 records. | G21: Scroll/read selected work. | H21: Render first four catalog projects; first is featured and remaining are compact. | I21: section labelled by h2; responsive cards. | J21: src/app/(home)/page.tsx:28-30,132-166 | K21: src/app/(home)/page.test.tsx:71-90 | L21: Active | M21: Pass | N21: Pass — Exactly four projects appear under A constellation of shipped systems; desktop metrics/capture show the featured/compact constellation and every card destination opened correctly. Existing PERF-IMG-001 and A11Y-IMG-001 are separately confirmed. Evidence: /tmp/portfolio-feature-audit/baseline/core/home-1440-a11y.txt; /tmp/portfolio-feature-audit/baseline/core/home-1440-full.png; /tmp/portfolio-feature-audit/baseline/core/home-project-studio-tabs.txt; /tmp/portfolio-feature-audit/baseline/core/home-project-freevoice-tabs.txt; /tmp/portfolio-feature-audit/baseline/core/home-project-braids-tabs.txt; /tmp/portfolio-feature-audit/baseline/core/home-project-traces-tabs.txt | O21: PERF-IMG-001; DESIGN-AI-001; A11Y-IMG-001 | P21: Fixed | Q21: Pass | R21: Pass — Exactly Defendre Solutions, FreeVoiceTranscribe, BraidsbyRose, and Traces rendered under the labelled h2. Geometry showed the first featured and remaining compact; every project image was lazy/auto priority. Evidence: /tmp/portfolio-feature-audit/postfix/core/390/home-diagnostics.json; /tmp/portfolio-feature-audit/postfix/core/768/home-diagnostics.json; /tmp/portfolio-feature-audit/postfix/core/1440/home-diagnostics.json | T21: Unassigned | U21: 46257 | V21: 46257.605
A22: PF-HOME-008 | B22: Code Inventory | C22: / selected work layout | D22: Mobile/tablet/desktop visitor | E22: As a visitor, I want project cards usable at any width. | F22: Selected work rendered. | G22: Horizontal swipe on mobile or scan grid at tablet+. | H22: Mobile uses snap-mandatory horizontal rail; md switches to 12-column non-scrolling constellation. | I22: Avoids hidden content; snap-center; responsive span/offset placement. | J22: src/app/(home)/page.tsx:21-26,154-165 | K22: No direct layout assertion; overflow coverage is on /projects, not / | L22: Active | M22: Pass | N22: Pass — At 390 the four-card container is 358px client/1212px scroll, overflow auto, x mandatory, with center snap on all cards; scrolling to max brought the last card wholly into view. Exact 768 has no wide scroll container and renders the constellation grid. Evidence: /tmp/portfolio-feature-audit/baseline/core/home-390-rail-before.json; /tmp/portfolio-feature-audit/baseline/core/home-390-rail-after.json; /tmp/portfolio-feature-audit/baseline/core/home-390-rail-after.png; /tmp/portfolio-feature-audit/baseline/core/home-768-dom.json; /tmp/portfolio-feature-audit/baseline/core/home-768-full.png | P22: Not Started | Q22: Pass | R22: Pass — At 390 the rail used column flow, overflow auto, and x mandatory snapping. At exact 768 it used row flow, 12 columns, visible overflow, and no horizontal document overflow. Evidence: /tmp/portfolio-feature-audit/postfix/core/390/home-diagnostics.json; /tmp/portfolio-feature-audit/postfix/core/768/home-diagnostics.json; /tmp/portfolio-feature-audit/postfix/core/390/home-full.png; /tmp/portfolio-feature-audit/postfix/core/768/home-full.png | T22: Unassigned | U22: 46257 | V22: 46257.605
A23: PF-HOME-009 | B23: Code Inventory | C23: / full-project links | D23: Visitor | E23: As a visitor, I want the full archive after the curated subset. | F23: Home selected work visible. | G23: Activate “View the full project list” (or hero secondary CTA). | H23: Navigate to /projects. | I23: 44px minimum, descriptive text, decorative arrow. | J23: src/app/(home)/page.tsx:145-151 | K23: src/app/(home)/page.test.tsx:71-90 | L23: Active | M23: Pass | N23: Pass — Both controls reached /projects; the full-list link measured 44px high and succeeded with keyboard Enter. Evidence: /tmp/portfolio-feature-audit/baseline/core/home-full-list-keyboard-result.txt; /tmp/portfolio-feature-audit/baseline/core/home-explore-result.txt; /tmp/portfolio-feature-audit/baseline/core/home-1440-focus-walk.jsonl | P23: Not Started | Q23: Pass | R23: Pass — Both Explore the work and View the full project list were activated and reached /projects. Evidence: /tmp/portfolio-feature-audit/postfix/core/390/home-explore-url.txt; /tmp/portfolio-feature-audit/postfix/core/390/home-full-list-url.txt | T23: Unassigned | U23: 46257 | V23: 46257.605
A24: PF-ABOUT-001 | B24: Code Inventory | C24: /about identity narrative | D24: Visitor | E24: As a visitor, I want Steve’s background and approach. | F24: About route loads. | G24: Read page header. | H24: Show veteran/founder/full-stack identity, current mission, and product-to-delivery narrative. | I24: Responsive portrait/columns; descriptive image alt; semantic h1. | J24: src/app/(site)/about/page.tsx:83-135 | K24: src/app/(site)/about/page.test.tsx:5-21 | L24: Active | M24: Pass | N24: Pass — All narrative content and one About Me h1 are present; portrait alt is Steve Defendre, founder of Defendre Solutions; stable 390/768/1440 captures reflow correctly without overflow. Evidence: /tmp/portfolio-feature-audit/baseline/core/about-1440-a11y.txt; /tmp/portfolio-feature-audit/baseline/core/about-390-full.png; /tmp/portfolio-feature-audit/baseline/core/about-768-full.png; /tmp/portfolio-feature-audit/baseline/core/about-1440-full-stable.png | P24: Not Started | Q24: Pass | R24: Pass — About showed the veteran/founder/full-stack narrative, current mission, product-to-maintenance delivery approach, semantic h1, and responsive portrait at 390/768/1440. Evidence: /tmp/portfolio-feature-audit/postfix/core/390/about-diagnostics.json; /tmp/portfolio-feature-audit/postfix/core/390/about-full.png; /tmp/portfolio-feature-audit/postfix/core/768/about-full.png; /tmp/portfolio-feature-audit/postfix/core/1440/about-full.png | T24: Unassigned | U24: 46257 | V24: 46257.605
A25: PF-ABOUT-002 | B25: Code Inventory | C25: /about studio link | D25: Visitor | E25: As a visitor, I want to open Steve’s studio. | F25: About narrative visible. | G25: Activate Defendre Solutions. | H25: Open studio site in protected new tab. | I25: Underlined focus-ring link. | J25: src/app/(site)/about/page.tsx:116-128 | K25: src/app/(site)/about/page.test.tsx:12-21 | L25: Active | M25: Pass | N25: Pass — Narrative studio link has secure blank-target behavior and opened the intended site; it appears in the keyboard tab order. Existing A11Y-EXT-001 disclosure gap remains. Evidence: /tmp/portfolio-feature-audit/baseline/core/about-390-dom.json; /tmp/portfolio-feature-audit/baseline/core/about-narrative-studio-tabs.txt; /tmp/portfolio-feature-audit/baseline/core/about-1440-a11y.txt | O25: A11Y-EXT-001 | P25: Fixed | Q25: Pass | R25: Pass — The narrative link now discloses the new tab in its accessible name, retains protected rel, and opened the correct studio destination. Evidence: /tmp/portfolio-feature-audit/postfix/core/390/about-diagnostics.json; /tmp/portfolio-feature-audit/postfix/core/external/about-studio-tabs.txt | T25: Unassigned | U25: 46257 | V25: 46257.605
A26: PF-ABOUT-003 | B26: Code Inventory | C26: /about proof points | D26: Visitor | E26: As a visitor, I want concise evidence of delivery range and stack. | F26: About route loads. | G26: Read proof points. | H26: Show studio, delivery range, and core stack values. | I26: Semantic definition list; responsive 1/3-column behavior. | J26: src/app/(site)/about/page.tsx:45-58,138-152 | K26: src/app/(site)/about/page.test.tsx:34-41 | L26: Active | M26: Pass | N26: Pass — All three term/definition pairs are present; captures show stacked mobile data and three-column tablet/desktop data. Evidence: /tmp/portfolio-feature-audit/baseline/core/about-1440-a11y.txt; /tmp/portfolio-feature-audit/baseline/core/about-390-full.png; /tmp/portfolio-feature-audit/baseline/core/about-768-full.png | P26: Not Started | Q26: Pass | R26: Pass — All three expected definition pairs rendered with complete values and no overflow. Evidence: /tmp/portfolio-feature-audit/postfix/core/390/about-diagnostics.json; /tmp/portfolio-feature-audit/postfix/core/1440/about-full.png | T26: Unassigned | U26: 46257 | V26: 46257.605
A27: PF-ABOUT-004 | B27: Code Inventory | C27: /about mission path | D27: Visitor | E27: As a visitor, I want Steve’s working principles. | F27: About route loads. | G27: Read ordered phases. | H27: Present Mission clarity, Delivery discipline, Owner-level judgment as phases 01-03. | I27: Ordered list; icons decorative; labelled section; responsive two-column layout. | J27: src/app/(site)/about/page.tsx:24-43,157-194 | K27: src/app/(site)/about/page.test.tsx:34-41 | L27: Active | M27: Pass | N27: Pass — Accessibility snapshot lists Phase 01/02/03 in order with required headings/copy; captures show connected vertical mobile/tablet and split desktop composition. Evidence: /tmp/portfolio-feature-audit/baseline/core/about-1440-a11y.txt; /tmp/portfolio-feature-audit/baseline/core/about-390-full.png; /tmp/portfolio-feature-audit/baseline/core/about-1440-full-stable.png | O27: DESIGN-AI-001 | P27: Won't Fix | Q27: Pass | R27: Pass — The ordered timeline exposed all three numbered phases and their full descriptions across responsive captures. Evidence: /tmp/portfolio-feature-audit/postfix/core/390/about-diagnostics.json; /tmp/portfolio-feature-audit/postfix/core/768/about-full.png | T27: Unassigned | U27: 46257 | V27: 46257.605
A28: PF-ABOUT-005 | B28: Code Inventory | C28: /about capabilities | D28: Visitor | E28: As a visitor, I want skill and capability coverage. | F28: About route loads. | G28: Read capability cards. | H28: Present Interface, Systems, Delivery, Infrastructure descriptions and skill lists. | I28: Labelled section; semantic articles/lists; two columns at md. | J28: src/app/(site)/about/page.tsx:60-81,196-234 | K28: src/app/(site)/about/page.test.tsx:22-33 | L28: Active | M28: Pass | N28: Pass — Interface, Systems, Delivery, and Infrastructure appear as four articles with labelled skill lists; mobile stack and 768/1440 2x2 layouts are visible and non-overflowing. Evidence: /tmp/portfolio-feature-audit/baseline/core/about-1440-a11y.txt; /tmp/portfolio-feature-audit/baseline/core/about-390-full.png; /tmp/portfolio-feature-audit/baseline/core/about-768-full.png; /tmp/portfolio-feature-audit/baseline/core/about-1440-full-stable.png | O28: DESIGN-AI-001 | P28: Won't Fix | Q28: Pass | R28: Pass — Interface, Systems, Delivery, and Infrastructure rendered with complete skill lists and responsive stack/grid presentation. Evidence: /tmp/portfolio-feature-audit/postfix/core/390/about-diagnostics.json; /tmp/portfolio-feature-audit/postfix/core/390/about-a11y.txt; /tmp/portfolio-feature-audit/postfix/core/1440/about-full.png | T28: Unassigned | U28: 46257 | V28: 46257.605
A29: PF-ABOUT-006 | B29: Code Inventory | C29: /about metadata | D29: Search/social crawler | E29: As a crawler, I want route-specific metadata. | F29: About route requested. | G29: Parse metadata. | H29: Use About title/description, canonical /about, and matching Open Graph URL/content. | I29: No visual behavior; accessible discoverability. | J29: src/app/(site)/about/page.tsx:9-22 | K29: No direct metadata assertion | L29: Active | M29: Pass | N29: Pass — Source, local HTTP, and public production all use the About title/description; local canonical/OG resolve to localhost and public canonical/OG consistently resolve to the production /about URL. Evidence: /tmp/portfolio-feature-audit/baseline/reconciliation/about-metadata-comparison.json; /tmp/portfolio-feature-audit/baseline/reconciliation/about-local-headers.txt; /tmp/portfolio-feature-audit/baseline/reconciliation/about-public-headers.txt | O29: CAND-RUNTIME-METADATA-001 | P29: Won't Fix | Q29: Pass | R29: Pass — Runtime title and description matched the contract; canonical and OG URL both resolved to /about and OG title/description matched route metadata. Evidence: /tmp/portfolio-feature-audit/postfix/core/390/about-diagnostics.json | T29: Unassigned | U29: 46257 | V29: 46257.605
A30: PF-PROJ-001 | B30: Code Inventory | C30: /projects metadata | D30: Search/social crawler | E30: As a crawler, I want route-specific project metadata. | F30: Projects route requested. | G30: Parse metadata. | H30: Use Projects title/description, canonical /projects, and matching Open Graph URL/content. | I30: No visual behavior. | J30: src/app/(site)/projects/page.tsx:5-16 | K30: src/app/(site)/projects/page.test.tsx:16-29 (catalog/category props; metadata not direct) | L30: Active | M30: Pass | N30: Pass — Title and descriptions matched; canonical and Open Graph URL both ended in /projects locally and used the correct production origin publicly. Evidence: /tmp/portfolio-feature-audit/baseline/projects/metadata-evidence.md; /tmp/portfolio-feature-audit/baseline/projects/1440/projects-all-full.png | O30: CAND-RUNTIME-METADATA-001 | P30: Won't Fix | Q30: Pass | R30: Pass — Title was Projects | Steve Defendre; description was route-specific; canonical and Open Graph URL matched each other and ended in /projects. Evidence: /tmp/portfolio-feature-audit/postfix/projects/1440/dom-audit.json; /tmp/portfolio-feature-audit/postfix/projects/1440/projects-all-full.png | T30: Unassigned | U30: 46257 | V30: 46257.605
A31: PF-PROJ-002 | B31: Code Inventory | C31: /projects overview | D31: Visitor | E31: As a visitor, I want the size and context of the archive. | F31: Projects route loads with catalog. | G31: Read header/current-view card. | H31: Show project overview, visible count, and “full archive” or active-category explanation. | I31: Semantic labelled section and h1; two-column header at lg. | J31: src/components/ProjectExplorer.tsx:34-98 | K31: src/components/__tests__/ProjectExplorer.test.tsx:68-78; e2e/projects.spec.ts:4-10 | L31: Active | M31: Pass | N31: Pass — Projects h1 and overview rendered; visible count was 7 initially and changed to 1 or 3 with matching context by filter. Evidence: /tmp/portfolio-feature-audit/baseline/projects/interaction-evidence.md; /tmp/portfolio-feature-audit/baseline/projects/1440/projects-all-full.png | P31: Not Started | Q31: Pass | R31: Pass — Projects h1 and overview rendered; initial count was 7 and context/count updated for every filter at all three widths. Evidence: /tmp/portfolio-feature-audit/postfix/projects/interaction-evidence.md; /tmp/portfolio-feature-audit/postfix/projects/390/projects-all-full.png; /tmp/portfolio-feature-audit/postfix/projects/768/projects-all-full.png; /tmp/portfolio-feature-audit/postfix/projects/1440/projects-all-full.png | T31: Unassigned | U31: 46257 | V31: 46257.605
A32: PF-PROJ-003 | B32: Code Inventory | C32: /projects category filters | D32: Visitor | E32: As a visitor, I want to filter by All, Studio, Client, or Product. | F32: Catalog/categories loaded. | G32: Activate a category chip. | H32: Exclusively set active filter and render only matching projects. | I32: Buttons are >=44px, grouped with role=group; aria-pressed exposes state. | J32: src/components/ProjectExplorer.tsx:100-145; src/data/projects.ts:1-4 | K32: src/components/__tests__/ProjectExplorer.test.tsx:68-92,114-136; e2e/projects.spec.ts:8-15 | L32: Active | M32: Pass | N32: Pass — Pointer, Enter, and Space activations produced 7/1/3/3 articles; exactly one aria-pressed state was true; every button measured 44px; URL stayed /projects. Evidence: /tmp/portfolio-feature-audit/baseline/projects/interaction-evidence.md; /tmp/portfolio-feature-audit/baseline/projects/interactions/filter-client-full.png | P32: Not Started | Q32: Pass | R32: Pass — All/Studio/Client/Product produced 7/1/3/3 cards at 390, exact 768, and 1440; one pressed state remained exclusive; buttons measured 44px; pointer, Enter, and Space activation passed; URL stayed /projects. Evidence: /tmp/portfolio-feature-audit/postfix/projects/interaction-evidence.md; /tmp/portfolio-feature-audit/postfix/projects/interactions/product-filter-full.png | T32: Unassigned | U32: 46257 | V32: 46257.605
A33: PF-PROJ-004 | B33: Code Inventory | C33: /projects live count | D33: Visitor/assistive tech | E33: As a visitor, I want filtering results announced. | F33: Filter state changes. | G33: Activate filter. | H33: Update singular/plural count (“Showing N … project(s)”). | I33: aria-live="polite"; visible count card also updates. | J33: src/components/ProjectExplorer.tsx:40-53,82-95,101-111 | K33: src/components/__tests__/ProjectExplorer.test.tsx:69-92; e2e/projects.spec.ts:8-15 | L33: Active | M33: Pass | N33: Pass — Announcements changed among Showing 7 of 7 projects, Showing 1 Studio project, Showing 3 Client projects, and Showing 3 Product projects; the visible count/context card updated in lockstep. Evidence: /tmp/portfolio-feature-audit/baseline/projects/interaction-evidence.md | P33: Not Started | Q33: Pass | R33: Pass — Announcements were Showing 7 of 7 projects, Showing 1 Studio project, Showing 3 Client projects, and Showing 3 Product projects at every required width, with matching visible counts. Evidence: /tmp/portfolio-feature-audit/postfix/projects/interaction-evidence.md; /tmp/portfolio-feature-audit/postfix/projects/390/dom-audit.json; /tmp/portfolio-feature-audit/postfix/projects/768/dom-audit.json | T33: Unassigned | U33: 46257 | V33: 46257.605
A34: PF-PROJ-005 | B34: Code Inventory | C34: /projects project cards | D34: Visitor | E34: As a visitor, I want role, outcome, description, tags, and status for every project. | F34: Visible catalog record exists. | G34: Read a card. | H34: Show preview, deployment/prototype label, title, description, Role, Outcome, tags, and CTA when URL is safe. | I34: Semantic content; responsive clamps and sizes; live/prototype color dot is supplemented by text. | J34: src/components/ProjectCard.tsx:50-200 | K34: src/components/__tests__/ProjectCard.test.tsx:5-176 | L34: Active | M34: Pass | N34: Pass — All seven cards exposed the complete expected content. Six showed Live/Live deployment and Traces showed Prototype. CTAs matched the catalog. Evidence: /tmp/portfolio-feature-audit/baseline/projects/1440/projects-all-full.png; /tmp/portfolio-feature-audit/baseline/projects/snapshot-1440.txt | O34: A11Y-IMG-001; DESIGN-AI-001 | P34: Fixed | Q34: Pass | R34: Pass — All seven cards exposed complete expected content. Six were Live/Live deployment; Traces was Prototype. Project-specific CTAs and catalog content matched. Evidence: /tmp/portfolio-feature-audit/postfix/projects/catalog-audit.json; /tmp/portfolio-feature-audit/postfix/projects/1440/projects-all-full.png | T34: Unassigned | U34: 46257 | V34: 46257.605
A35: PF-PROJ-006 | B35: Code Inventory | C35: /projects project images/fallback | D35: Visitor/assistive tech | E35: As a visitor, I want recognizable previews with graceful fallback. | F35: Record may have image or only initials/gradient. | G35: Load card. | H35: Use responsive optimized image with contextual alt; otherwise render decorative gradient/initials fallback. | I35: Images use async decode and lazy/eager policy; fallback is aria-hidden. | J35: src/components/ProjectCard.tsx:28-48,67-75,84-123; src/components/ResponsiveImage.tsx:20-43 | K35: src/components/__tests__/ProjectCard.test.tsx:79-93,118-159 | L35: Active | M35: Fail | N35: Fail — All seven images loaded responsively with nonzero natural width, but Traces was visibly Prototype while its alt said Traces live project preview. No catalog record lacked an image, so the fallback path was not runtime-reachable. Evidence: /tmp/portfolio-feature-audit/baseline/projects/console-network.md; /tmp/portfolio-feature-audit/baseline/projects/1440/projects-all-full.png | O35: PERF-IMG-001; A11Y-IMG-001 | P35: Fixed | Q35: Pass | R35: Pass — All seven previews returned HTTP 200, rendered responsively with nonzero natural dimensions during full coverage, used concise accurate alt, async decoding, lazy/auto loading, and responsive sizes. Traces no longer claims a live state. No catalog item lacks an image, so fallback remained runtime-unreachable. Evidence: /tmp/portfolio-feature-audit/postfix/projects/catalog-audit.json; /tmp/portfolio-feature-audit/postfix/projects/candidate-evidence.md; /tmp/portfolio-feature-audit/postfix/projects/390/dom-audit.json | T35: Unassigned | U35: 46257 | V35: 46257.605
A36: PF-PROJ-007 | B36: Code Inventory | C36: /projects responsive detail density | D36: Mobile/desktop visitor | E36: As a visitor, I want cards readable without overload. | F36: Compact card rendered. | G36: View at different widths. | H36: Compact description/outcome clamps; tags after third hide until lg; featured card expands at lg. | I36: Responsive visual density without removing core title/CTA/status. | J36: src/components/ProjectCard.tsx:65-87,142-191 | K36: src/components/__tests__/ProjectCard.test.tsx:94-117 | L36: Active | M36: Pass | N36: Pass — Fourth tags were hidden at 390 and 768 and visible at 1440; core title/status/CTA remained present; no overflow occurred. Evidence: /tmp/portfolio-feature-audit/baseline/projects/390/projects-all-full.png; /tmp/portfolio-feature-audit/baseline/projects/768/projects-all-full.png; /tmp/portfolio-feature-audit/baseline/projects/1440/projects-all-full.png | P36: Not Started | Q36: Pass | R36: Pass — Cards were 358px at 390, 720px at exact 768, and two ~652px columns at 1440 with no overflow. Fourth tags were hidden at 390/768 and visible at 1440; core content remained. Evidence: /tmp/portfolio-feature-audit/postfix/projects/390/dom-audit.json; /tmp/portfolio-feature-audit/postfix/projects/768/dom-audit.json; /tmp/portfolio-feature-audit/postfix/projects/interaction-evidence.md | T36: Unassigned | U36: 46257 | V36: 46257.605
A37: PF-PROJ-008 | B37: Code Inventory | C37: /projects external project link | D37: Visitor/security system | E37: As a visitor, I want to open a project safely. | F37: Project has safe URL. | G37: Activate the card. | H37: Entire card opens configured URL in new tab with noopener noreferrer; aria-label includes CTA, title, and “opens in new tab.” | I37: One large focusable target; unsafe/missing URL renders non-link card. | J37: src/components/ProjectCard.tsx:67,194-218 | K37: src/components/__tests__/ProjectCard.test.tsx:45-76,118-159; src/components/__tests__/ProjectExplorer.test.tsx:138-162 | L37: Active | M37: Pass | N37: Pass — All seven full-card links had target=_blank, noopener noreferrer, and project/CTA/new-tab accessible names; browser activation opened all configured external destinations while retaining Projects. Evidence: /tmp/portfolio-feature-audit/baseline/projects/interaction-evidence.md; /tmp/portfolio-feature-audit/baseline/projects/snapshot-1440.txt | O37: A11Y-EXT-001 | P37: Fixed | Q37: Pass | R37: Pass — All seven cards had target=_blank, noopener noreferrer, and CTA/title/new-tab accessible names. New-tab activation retained Projects and opened every configured external destination. Evidence: /tmp/portfolio-feature-audit/postfix/projects/catalog-audit.json; /tmp/portfolio-feature-audit/postfix/projects/interaction-evidence.md | T37: Unassigned | U37: 46257 | V37: 46257.605
A38: PF-PROJ-009 | B38: Code Inventory | C38: /projects inline case study | D38: Visitor | E38: As a visitor, I want deeper context without leaving the archive. | F38: Project article visible. | G38: Expand its Case study summary. | H38: Reveal Challenge, Approach, and Impact; chevron rotates on open. | I38: Native details/summary; 44px summary; screen-only title disambiguates project; three columns at sm. | J38: src/components/ProjectExplorer.tsx:175-218 | K38: src/components/__tests__/ProjectExplorer.test.tsx:138-162; e2e/projects.spec.ts:16-23 | L38: Active | M38: Pass | N38: Pass — All seven opened by pointer with project-specific three-part content; each also opened with Enter and closed with Space; summaries measured 44px and stayed focused. Evidence: /tmp/portfolio-feature-audit/baseline/projects/interaction-evidence.md; /tmp/portfolio-feature-audit/baseline/projects/interactions/all-case-studies-pointer-open.png; /tmp/portfolio-feature-audit/baseline/projects/768/case-study-open.png | O38: DESIGN-AI-001 | P38: Won't Fix | Q38: Pass | R38: Pass — At 390, exact 768, and 1440 all seven opened by pointer, revealed all three nonempty project-specific parts, opened with Enter, closed with Space, measured 44px, and retained focus. Evidence: /tmp/portfolio-feature-audit/postfix/projects/interaction-evidence.md; /tmp/portfolio-feature-audit/postfix/projects/interactions/all-case-studies-pointer-open.png; /tmp/portfolio-feature-audit/postfix/projects/768/case-studies-open.png | T38: Unassigned | U38: 46257 | V38: 46257.605
A39: PF-PROJ-010 | B39: Code Inventory | C39: /projects empty state/reset | D39: Visitor | E39: As a visitor, I want recovery when a category has no matches. | F39: Active filter has zero projects. | G39: Read empty state or activate “Show all projects.” | H39: Show no-match explanation and reset to All. | I39: Semantic heading; 44px reset button; count announcement remains live. | J39: src/components/ProjectExplorer.tsx:222-241 | K39: src/components/__tests__/ProjectExplorer.test.tsx:94-112 | L39: Active | M39: Blocked | N39: Blocked — All three fixed categories contain at least one project and there is no user-entered category or URL filter, so the zero-result precondition and reset control are unreachable in the shipped browser UI without changing/injecting app data. Evidence: /tmp/portfolio-feature-audit/baseline/projects/interaction-evidence.md | P39: Deferred | Q39: Blocked | R39: Blocked — Studio has 1 project and Client/Product each have 3. There is no free-form or URL filter, so no shipped interaction produces zero results without changing or injecting app data. Evidence: /tmp/portfolio-feature-audit/postfix/projects/interaction-evidence.md | T39: Unassigned | U39: 46257 | V39: 46257.605
A40: PF-PROJ-011 | B40: Code Inventory | C40: Project catalog: Defendre Solutions | D40: Visitor | E40: As a visitor, I want complete studio proof with a lazy, automatic-priority preview. | F40: All/Studio visible. | G40: Open “Visit studio.” | H40: Card exposes Studio, 2026, Live, role/outcome/case study/tags and opens https://defendresolutions.com; its below-fold preview uses loading=lazy and fetchPriority=auto. | I40: Common card/accessibility rules apply; responsive optimized preview stays lazy/auto unless a future route explicitly opts into priority for a genuinely above-fold image. | J40: src/data/projects.ts; src/components/ProjectCard.tsx; public/static-home.c41be0f179ce2c85.html | K40: src/data/__tests__/projects.test.ts; src/components/__tests__/ProjectCard.test.tsx; scripts/check-static-home-assets.node-test.mjs; e2e/accessibility.spec.ts | L40: Active | M40: Pass | N40: Pass — All expected metadata, role/outcome/tags/case study, CTA, and https://www.defendresolutions.com/ destination were present. Evidence: /tmp/portfolio-feature-audit/baseline/projects/interaction-evidence.md; /tmp/portfolio-feature-audit/baseline/projects/1440/projects-all-full.png | O40: PERF-IMG-001 | P40: Fixed | Q40: Pass | R40: Pass — Intentional PERF-IMG-001 contract reconciliation: every studio-content, CTA, case-study, accessible-name, and destination check passed. The raw lane reported Fail solely because the old contract still required a priority image; observed loading=lazy, fetchPriority=auto, and no image preload now satisfy the repaired contract. Raw lane preservation: status=Fail under the superseded priority-image contract; raw actual: All content, CTA, case study, accessible name, and https://defendresolutions.com destination passed, but the canonical story still requires a priority image while the repaired runtime now intentionally reports loading=lazy and fetchPriority=auto with no image preload. Evidence: /tmp/portfolio-feature-audit/postfix/projects/catalog-audit.json; /tmp/portfolio-feature-audit/postfix/projects/candidate-evidence.md | S40: Intentional 2026-08-23 contract update tied to PERF-IMG-001. The former priority-image phrase was superseded because this catalog preview is below fold. Raw post-fix Projects evidence is preserved; its Fail represented the stale contract, while observed lazy/auto/no-preload behavior is the repaired requirement. | T40: Unassigned | U40: 46257 | V40: 46257.605
A41: PF-PROJ-012 | B41: Code Inventory | C41: Project catalog: FreeVoiceTranscribe | D41: Visitor | E41: As a visitor, I want local dictation product proof. | F41: All/Product visible. | G41: Open “View on GitHub.” | H41: Show 2026 Live product details and open https://github.com/Sdefendre/freevoicetranscribe. | I41: Common card/accessibility rules apply. | J41: src/data/projects.ts:34-42 | K41: src/data/__tests__/projects.test.ts:14-134 | L41: Active | M41: Pass | N41: Pass — All expected content and https://github.com/Sdefendre/freevoicetranscribe destination were present. Evidence: /tmp/portfolio-feature-audit/baseline/projects/interaction-evidence.md; /tmp/portfolio-feature-audit/baseline/projects/1440/projects-all-full.png | P41: Not Started | Q41: Pass | R41: Pass — Catalog details, complete case study, CTA/new-tab name, and https://github.com/Sdefendre/freevoicetranscribe destination matched. Evidence: /tmp/portfolio-feature-audit/postfix/projects/catalog-audit.json | T41: Unassigned | U41: 46257 | V41: 46257.605
A42: PF-PROJ-013 | B42: Code Inventory | C42: Project catalog: BraidsbyRose | D42: Visitor | E42: As a visitor, I want client booking-site proof. | F42: All/Client visible. | G42: Open “View booking site.” | H42: Show 2026 Live client details and open https://braidsbyrose.com. | I42: Common card/accessibility rules apply. | J42: src/data/projects.ts:43-51 | K42: src/data/__tests__/projects.test.ts:14-134; client-count E2E e2e/projects.spec.ts:11-15 | L42: Active | M42: Pass | N42: Pass — All expected content and https://www.braidsbyrose.com/ destination were present. Evidence: /tmp/portfolio-feature-audit/baseline/projects/interaction-evidence.md; /tmp/portfolio-feature-audit/baseline/projects/1440/projects-all-full.png | P42: Not Started | Q42: Pass | R42: Pass — Catalog details, complete case study, CTA/new-tab name, and https://www.braidsbyrose.com/ destination matched. Evidence: /tmp/portfolio-feature-audit/postfix/projects/catalog-audit.json | T42: Unassigned | U42: 46257 | V42: 46257.605
A43: PF-PROJ-014 | B43: Code Inventory | C43: Project catalog: Traces | D43: Visitor | E43: As a visitor, I want desktop knowledge-product proof. | F43: All/Product visible. | G43: Open “View on GitHub.” | H43: Show 2026 Prototype details and open https://github.com/Sdefendre/traces-app. | I43: Prototype is text-labelled/amber, not color-only. | J43: src/data/projects.ts:52-60 | K43: src/data/__tests__/projects.test.ts:14-134; status tests src/components/__tests__/ProjectCard.test.tsx:30-44 | L43: Active | M43: Fail | N43: Fail — Visible Prototype labels and GitHub destination were correct, but the image alt contradicted the status by calling it a live project preview. Evidence: /tmp/portfolio-feature-audit/baseline/projects/1440/projects-all-full.png; /tmp/portfolio-feature-audit/baseline/projects/interaction-evidence.md | O43: A11Y-IMG-001 | P43: Fixed | Q43: Pass | R43: Pass — Visible/textual Prototype status, complete content/case study, concise status-neutral alt, CTA/new-tab name, and https://github.com/Sdefendre/traces-app destination all matched. Evidence: /tmp/portfolio-feature-audit/postfix/projects/catalog-audit.json; /tmp/portfolio-feature-audit/postfix/projects/candidate-evidence.md | T43: Unassigned | U43: 46257 | V43: 46257.605
A44: PF-PROJ-016 | B44: Code Inventory | C44: Project catalog: Velocity Care LLC | D44: Visitor | E44: As a visitor, I want healthcare-practice proof. | F44: All/Client visible. | G44: Open “Visit healthcare site.” | H44: Show 2026 Live client details and open https://velocitycarellc.com. | I44: Common card/accessibility rules apply. | J44: src/data/projects.ts:70-78 | K44: src/data/__tests__/projects.test.ts:14-134; client-count E2E e2e/projects.spec.ts:11-15 | L44: Active | M44: Pass | N44: Pass — All expected content and https://www.velocitycarellc.com/ destination were present. Evidence: /tmp/portfolio-feature-audit/baseline/projects/interaction-evidence.md; /tmp/portfolio-feature-audit/baseline/projects/1440/projects-all-full.png | P44: Not Started | Q44: Pass | R44: Pass — Catalog details, complete case study, CTA/new-tab name, and https://www.velocitycarellc.com/ destination matched. Evidence: /tmp/portfolio-feature-audit/postfix/projects/catalog-audit.json | T44: Unassigned | U44: 46257 | V44: 46257.605
A45: PF-PROJ-017 | B45: Code Inventory | C45: Project catalog: Command.AI | D45: Visitor | E45: As a visitor, I want veteran-platform product proof. | F45: All/Product visible. | G45: Open “Open platform.” | H45: Show 2026 Live product details and open https://trycommand.vercel.app. | I45: Common card/accessibility rules apply. | J45: src/data/projects.ts:79-87 | K45: src/data/__tests__/projects.test.ts:14-134 | L45: Active | M45: Pass | N45: Pass — All expected content and https://trycommand.vercel.app/ destination were present. Evidence: /tmp/portfolio-feature-audit/baseline/projects/interaction-evidence.md; /tmp/portfolio-feature-audit/baseline/projects/1440/projects-all-full.png | P45: Not Started | Q45: Pass | R45: Pass — Catalog details, complete case study, CTA/new-tab name, and https://trycommand.vercel.app/ destination matched and opened in a new tab. Evidence: /tmp/portfolio-feature-audit/postfix/projects/catalog-audit.json; /tmp/portfolio-feature-audit/postfix/projects/interaction-evidence.md | T45: Unassigned | U45: 46257 | V45: 46257.605
A46: PF-CONTACT-001 | B46: Code Inventory | C46: /contact route metadata | D46: Search/social crawler | E46: As a crawler, I want project-inquiry metadata. | F46: Contact route requested. | G46: Parse metadata. | H46: Use Contact title/description, canonical /contact, and matching Open Graph URL/content. | I46: No visual behavior. | J46: src/app/(site)/contact/page.tsx:11-24 | K46: src/app/(site)/contact/page.test.tsx:60-66 | L46: Active | M46: Pass | N46: Pass — Content/path matched locally and public canonical/OG consistently used the production origin. Evidence: /tmp/portfolio-feature-audit/baseline/contact-system/system-evidence.md; /tmp/portfolio-feature-audit/baseline/contact-system/390/contact-full.png | O46: CAND-RUNTIME-METADATA-001 | P46: Won't Fix | Q46: Pass | R46: Pass — Contact returned 200 with route-specific title, description, canonical path, Open Graph URL, and expected content; local absolute URLs use the documented no-env localhost fallback. Evidence: /tmp/portfolio-feature-audit/postfix/contact-system/contact-390-initial.png; /tmp/portfolio-feature-audit/postfix/integration-report.md | T46: Unassigned | U46: 46257 | V46: 46257.605
A47: PF-CONTACT-002 | B47: Code Inventory | C47: /contact primary inquiry | D47: Prospect | E47: As a prospect, I want Steve’s direct email and availability. | F47: Primary contact record exists. | G47: Read primary contact panel. | H47: Show availability, email address, description, direct email CTA, and copy control. | I47: Large email wraps/breaks on mobile; labelled section; CTA stack switches to row at sm. | J47: src/app/(site)/contact/page.tsx:26-41,43-102; src/data/socials.ts:31-39 | K47: src/app/(site)/contact/page.test.tsx:5-26; e2e/contact.spec.ts:31-44 | L47: Active | M47: Pass | N47: Pass — All content and controls rendered; email wrapped without overflow and CTA stack adapted by breakpoint. Evidence: /tmp/portfolio-feature-audit/baseline/contact-system/1440/contact-full.png; /tmp/portfolio-feature-audit/baseline/contact-system/390/contact-full.png | O47: DESIGN-AI-001 | P47: Won't Fix | Q47: Pass | R47: Pass — Primary inquiry, email, availability, direct CTA, and copy control rendered at 390, 768, and 1440 with no horizontal overflow and responsive CTA layout. Evidence: /tmp/portfolio-feature-audit/postfix/contact-system/contact-390-initial.png; /tmp/portfolio-feature-audit/postfix/contact-system/contact-768.png; /tmp/portfolio-feature-audit/postfix/contact-system/contact-1440-validation-copy-repeat.png | T47: Unassigned | U47: 46257 | V47: 46257.605
A48: PF-CONTACT-003 | B48: Code Inventory | C48: /contact direct mailto | D48: Prospect | E48: As a prospect, I want to open a blank email to Steve. | F48: Mail client handles mailto:. | G48: Activate “Email Steve.” | H48: Open mailto:steve@defendresolutions.com. | I48: 48px focusable CTA; safe-href validation. | J48: src/app/(site)/contact/page.tsx:91-100; src/data/socials.ts:31-39 | K48: src/app/(site)/contact/page.test.tsx:5-26 | L48: Active | M48: Pass | N48: Pass — Href and 48px geometry matched; handler launch was intentionally not invoked. Evidence: /tmp/portfolio-feature-audit/baseline/contact-system/contact-interactions.md; /tmp/portfolio-feature-audit/baseline/contact-system/snapshot-contact-390.txt | P48: Not Started | Q48: Pass | R48: Pass — Email Steve retained mailto:steve@defendresolutions.com and a 48px desktop target; no real mail client was launched. Evidence: /tmp/portfolio-feature-audit/postfix/contact-system/lane-c-trace.zip | T48: Unassigned | U48: 46257 | V48: 46257.605
A49: PF-CONTACT-004 | B49: Code Inventory | C49: /contact clipboard success | D49: Visitor | E49: As a visitor, I want to copy Steve’s email. | F49: Clipboard API available and permission granted. | G49: Activate “Copy email.” | H49: Write email; button becomes “Copied”; polite status announces full address; reset to idle after 2.5s. | I49: Accessible status association via aria-describedby; icons decorative. | J49: src/components/CopyEmailButton.tsx:15-45,47-84 | K49: src/components/__tests__/CopyEmailButton.test.tsx:29-46; e2e/contact.spec.ts:31-44 | L49: Active | M49: Pass | N49: Pass — Controlled clipboard success wrote the exact address, showed Copied/full polite status, then reset after 2.7s. Evidence: /tmp/portfolio-feature-audit/baseline/contact-system/interactions/copy-success.png; /tmp/portfolio-feature-audit/baseline/contact-system/contact-interactions.md | P49: Not Started | Q49: Pass | R49: Pass — Controlled clipboard success wrote the exact address, announced success, changed the button to Copied, and reset after 2.6 seconds; exact-768 success also passed. Evidence: /tmp/portfolio-feature-audit/postfix/contact-system/contact-390-copy-success.png; /tmp/portfolio-feature-audit/postfix/contact-system/lane-c-trace.zip | T49: Unassigned | U49: 46257 | V49: 46257.605
A50: PF-CONTACT-005 | B50: Code Inventory | C50: /contact clipboard failure | D50: Visitor | E50: As a visitor, I want recoverable feedback if copy fails. | F50: Clipboard API missing/rejects. | G50: Activate copy. | H50: Button becomes “Try copy again” and status advises manual selection; no alert dialog. | I50: Polite live status; amber icon plus text. | J50: src/components/CopyEmailButton.tsx:28-53,63-84 | K50: src/components/__tests__/CopyEmailButton.test.tsx:48-63 | L50: Active | M50: Fail | N50: Fail — First failure showed Try copy again/manual guidance, but the second failure produced no live-region mutation or re-announcement. Evidence: /tmp/portfolio-feature-audit/baseline/contact-system/interactions/copy-failure-repeat.png; /tmp/portfolio-feature-audit/baseline/contact-system/contact-interactions.md | O50: A11Y-CLIP-001 | P50: Fixed | Q50: Pass | R50: Pass — Controlled consecutive failures produced truthful recovery guidance and distinct polite live-region text for attempts 1 and 2 at 390 and 1440. Evidence: /tmp/portfolio-feature-audit/postfix/contact-system/contact-390-copy-failure-repeat.png; /tmp/portfolio-feature-audit/postfix/contact-system/contact-1440-validation-copy-repeat.png | T50: Unassigned | U50: 46257 | V50: 46257.605
A51: PF-CONTACT-006 | B51: Code Inventory | C51: /contact draft fields/options | D51: Prospect | E51: As a prospect, I want to structure an inquiry. | F51: Contact composer rendered. | G51: Enter name/email/message and choose project type/budget. | H51: Offer project types: New website, Portfolio refresh, Cleanup or rescue, Internal tool, Something else; budgets: Under $5k, $5k-$10k, $10k-$25k, $25k+, Not sure yet. | I51: Labels, required markers, hints, autocomplete/inputMode; two columns at md, message spans both. | J51: src/components/ContactComposer.tsx:10-49,178-273 | K51: src/components/__tests__/ContactComposer.test.tsx:16-38; e2e/contact.spec.ts:46-71 | L51: Active | M51: Fail | N51: Fail — Fields/options and md form columns passed, but the desktop sticky explainer moved beneath the fixed dock with 74.41px overlap at 1440px. Evidence: /tmp/portfolio-feature-audit/baseline/contact-system/1440/sticky-overlap.png; /tmp/portfolio-feature-audit/baseline/contact-system/contact-interactions.md | O51: UX-CONTACT-002; RESP-CONTACT-001 | P51: Fixed | Q51: Pass | R51: Pass — Correct fields/options and responsive columns rendered. Exact 768 used two columns; pinned 1440x700 explainer had 52px dock clearance and zero overlap. Evidence: /tmp/portfolio-feature-audit/postfix/contact-system/contact-768.png; /tmp/portfolio-feature-audit/postfix/contact-system/contact-1440x700-sticky-pinned.png | T51: Unassigned | U51: 46257 | V51: 46257.605
A52: PF-CONTACT-007 | B52: Code Inventory | C52: /contact field validation | D52: Prospect/assistive tech | E52: As a prospect, I want immediate, specific validation. | F52: Field blurred or submit attempted. | G52: Leave blank, enter bad email/unknown option, or message under 10 chars. | H52: Show field-specific message; mark invalid; associate hint/error IDs; revalidate touched fields on change. | I52: aria-invalid, aria-describedby, visible rose border/text; no native validation bubble (noValidate). | J52: src/components/ContactComposer.tsx:84-104,178-184,312-440 | K52: src/components/__tests__/ContactComposer.test.tsx:16-38,90-118; e2e/contact.spec.ts:31-37 | L52: Active | M52: Fail | N52: Fail — Blank, bad email, unknown options, under-10 message, and touched-field revalidation passed; all text fields remained unbounded and a 5,000-character message was accepted into a 5,367-character URL. Evidence: /tmp/portfolio-feature-audit/baseline/contact-system/validation/empty-submit.png; /tmp/portfolio-feature-audit/baseline/contact-system/contact-interactions.md | O52: UX-CONTACT-002 | P52: Fixed | Q52: Pass | R52: Pass — Specific blank/email/message validation, aria associations, and touched revalidation passed. Name/email/message limits are 80/254/1000; overfill truncated to 1000 with a live counter. Evidence: /tmp/portfolio-feature-audit/postfix/contact-system/contact-390-validation-empty.png; /tmp/portfolio-feature-audit/postfix/contact-system/contact-390-url-limit.png | T52: Unassigned | U52: 46257 | V52: 46257.605
A53: PF-CONTACT-008 | B53: Code Inventory | C53: /contact invalid-submit focus | D53: Prospect/keyboard user | E53: As a prospect, I want errors summarized and focus moved to the first problem. | F53: Form contains any invalid field. | G53: Submit. | H53: Prevent draft, mark all touched, set error status, focus first invalid field in field order. | I53: Assertive alert status on error; deterministic focus recovery. | J53: src/components/ContactComposer.tsx:106-143,299-306,446-462 | K53: src/components/__tests__/ContactComposer.test.tsx:16-38,90-118; E2E checks invalid state but not focus e2e/contact.spec.ts:31-37 | L53: Active | M53: Pass | N53: Pass — All fields became invalid, atomic assertive summary appeared, no mailto was created, and focus moved to Your name. Evidence: /tmp/portfolio-feature-audit/baseline/contact-system/validation/empty-submit.png; /tmp/portfolio-feature-audit/baseline/contact-system/contact-interactions.md | P53: Not Started | Q53: Pass | R53: Pass — Empty submit marked five fields invalid, emitted an assertive alert, created no mailto, and focused Your name at 390, 768, and 1440. Evidence: /tmp/portfolio-feature-audit/postfix/contact-system/contact-390-validation-empty.png; /tmp/portfolio-feature-audit/postfix/contact-system/contact-1440-validation-copy-repeat.png | T53: Unassigned | U53: 46257 | V53: 46257.605
A54: PF-CONTACT-009 | B54: Code Inventory | C54: /contact encoded mailto draft | D54: Prospect | E54: As a prospect, I want a reviewable draft, not automatic sending. | F54: All fields valid and mail client available. | G54: Activate “Prepare email draft.” | H54: Trim inputs; build encoded subject/body with labels and provenance; programmatically click protected mailto:; nothing sends automatically. | I54: Submit disabled/aria-busy while preparing; visible spinner and explicit status. | J54: src/components/ContactComposer.tsx:51-68,106-169,275-308 | K54: src/components/__tests__/ContactComposer.test.tsx:40-88; e2e/contact.spec.ts:46-71 | L54: Active | M54: Fail | N54: Fail — Encoded protected mailto was correct and safely intercepted, but MutationObserver saw idle jump directly to success; aria-busy, spinner, and Preparing draft never rendered. Evidence: /tmp/portfolio-feature-audit/baseline/contact-system/interactions/valid-mailto-intercept.png; /tmp/portfolio-feature-audit/baseline/contact-system/contact-interactions.md | O54: UX-CONTACT-001; UX-CONTACT-002; BL-SYS-001 | P54: Fixed | Q54: Pass | R54: Pass — Valid input generated one correctly encoded intercepted mailto. Busy, disabled, spinner, and Preparing state were observable for about 302ms. Oversize encoded URL was rejected before handoff and focused Message. Evidence: /tmp/portfolio-feature-audit/postfix/contact-system/contact-390-preparing.png; /tmp/portfolio-feature-audit/postfix/contact-system/contact-390-mailto-neutral.png; /tmp/portfolio-feature-audit/postfix/contact-system/contact-390-url-limit.png | T54: Unassigned | U54: 46257 | V54: 46257.605
A55: PF-CONTACT-010 | B55: Code Inventory | C55: /contact inquiry analytics | D55: Site operator | E55: As an operator, I want privacy-minimal draft intent telemetry. | F55: Valid draft action in browser production runtime. | G55: Prepare draft. | H55: Track contact_mailto_draft with only project type and budget; drop null/undefined properties; failures do not block UX. | I55: No name/email/message sent; fail-closed in test/server/unavailable runtime. | J55: src/components/ContactComposer.tsx:145-149; src/utils/analytics.ts:10-36 | K55: src/components/__tests__/ContactComposer.test.tsx:40-88,120-148 | L55: Active | M55: Pass | N55: Pass — Runtime window.va capture contained only project_type and budget_range; source/tests drop null/undefined and catch runtime failures. Evidence: /tmp/portfolio-feature-audit/baseline/contact-system/contact-interactions.md; /tmp/portfolio-feature-audit/baseline/contact-system/validation-evidence.md | P55: Not Started | Q55: Pass | R55: Pass — Captured contact_mailto_draft event contained only project_type and budget_range; no personal fields were included. Evidence: /tmp/portfolio-feature-audit/postfix/contact-system/lane-c-trace.zip; /tmp/portfolio-feature-audit/postfix/integration-report.md | T55: Unassigned | U55: 46257 | V55: 46257.605
A56: PF-CONTACT-011 | B56: Code Inventory | C56: /contact form status announcements | D56: Prospect/assistive tech | E56: As a user, I want clear idle/preparing/success/error state. | F56: Composer rendered/submitted. | G56: Interact with form. | H56: Announce “nothing sent,” preparing, success, or validation error; success says mail app should open. | I56: role=status polite normally; role=alert assertive on error; atomic. | J56: src/components/ContactComposer.tsx:162-176,299-306 | K56: src/components/__tests__/ContactComposer.test.tsx:90-118; e2e/contact.spec.ts:34,55-57 | L56: Active | M56: Fail | N56: Fail — Idle and validation alert semantics passed, but preparing never rendered and a no-op intercepted protocol click immediately claimed the mail app should open. Evidence: /tmp/portfolio-feature-audit/baseline/contact-system/contact-interactions.md; /tmp/portfolio-feature-audit/baseline/contact-system/interactions/valid-mailto-intercept.png | O56: UX-CONTACT-001; BL-SYS-001 | P56: Fixed | Q56: Pass | R56: Pass — Idle, assertive validation, polite preparing, and neutral completion semantics passed; completion explicitly states Email draft requested and Nothing was sent with fallbacks. Evidence: /tmp/portfolio-feature-audit/postfix/contact-system/contact-390-preparing.png; /tmp/portfolio-feature-audit/postfix/contact-system/contact-390-mailto-neutral.png | T56: Unassigned | U56: 46257 | V56: 46257.605
A57: PF-CONTACT-012 | B57: Code Inventory | C57: /contact secondary channels | D57: Visitor | E57: As a visitor, I want professional alternatives. | F57: Secondary contact list rendered. | G57: Activate GitHub, LinkedIn, or Defendre Solutions card. | H57: Open configured external destination in protected new tab. | I57: Large focusable cards; icon decorative; visible name/description/value. | J57: src/data/socials.ts:40-64; src/app/(site)/contact/page.tsx:128-181 | K57: src/app/(site)/contact/page.test.tsx:27-51; src/data/__tests__/socials.test.ts:41-76 | L57: Active | M57: Fail | N57: Fail — Destinations, target, rel, and large geometry passed, but accessible names omit the new-tab context change. Evidence: /tmp/portfolio-feature-audit/baseline/contact-system/contact-interactions.md; /tmp/portfolio-feature-audit/baseline/contact-system/snapshot-contact-390.txt | O57: A11Y-EXT-001; DESIGN-AI-001 | P57: Fixed | Q57: Pass | R57: Pass — GitHub, LinkedIn, and studio cards retained correct protected new-tab destinations and now disclose opens in a new tab in accessible names. Evidence: /tmp/portfolio-feature-audit/postfix/contact-system/lane-c-trace.zip; /tmp/portfolio-feature-audit/postfix/integration-report.md | T57: Unassigned | U57: 46257 | V57: 46257.605
A58: PF-CONTACT-013 | B58: Code Inventory | C58: /contact LinkedIn responsive label | D58: Mobile visitor | E58: As a mobile visitor, I want a non-overflowing LinkedIn label. | F58: Secondary LinkedIn card visible. | G58: View below/above sm. | H58: Show “LinkedIn profile” on mobile and full path at sm+. | I58: Prevents long label overflow without changing destination/name. | J58: src/data/socials.ts:49-55; src/app/(site)/contact/page.tsx:168-177 | K58: /contact mobile overflow e2e/contact.spec.ts:43; no direct label assertion | L58: Active | M58: Pass | N58: Pass — LinkedIn profile displayed at 390; full path displayed at 768+; no horizontal overflow. Evidence: /tmp/portfolio-feature-audit/baseline/contact-system/390/contact-full.png; /tmp/portfolio-feature-audit/baseline/contact-system/768/contact-full.png | P58: Not Started | Q58: Pass | R58: Pass — LinkedIn profile was the only visible value at 390; full profile path was the only visible value at exact 768; no overflow occurred. Evidence: /tmp/portfolio-feature-audit/postfix/contact-system/contact-390-initial.png; /tmp/portfolio-feature-audit/postfix/contact-system/contact-768.png | T58: Unassigned | U58: 46257 | V58: 46257.605
A59: PF-CONTACT-014 | B59: Code Inventory | C59: /contact low-priority support | D59: Supporter | E59: As a supporter, I want an optional support link without displacing inquiry CTAs. | F59: Footer-priority link exists. | G59: Activate “Support.” | H59: Open Buy Me a Coffee in protected new tab from footer/studio panel. | I59: 44px focusable pill; labelled “Support Defendre Solutions”; deliberately not primary/social nav. | J59: src/data/socials.ts:22-29,65; src/app/(site)/contact/page.tsx:184-213 | K59: src/app/(site)/contact/page.test.tsx:52-59; src/data/__tests__/socials.test.ts:34-39,73-76 | L59: Active | M59: Fail | N59: Fail — Placement, label, 44px target, and destination passed, but its accessible name omits the new-tab context change. Evidence: /tmp/portfolio-feature-audit/baseline/contact-system/contact-interactions.md; /tmp/portfolio-feature-audit/baseline/contact-system/1440/contact-full.png | O59: A11Y-EXT-001; DESIGN-AI-001 | P59: Fixed | Q59: Pass | R59: Pass — Support remained footer-priority with a 44px target, correct URL, protected new tab, and disclosed context-change accessible name. Evidence: /tmp/portfolio-feature-audit/postfix/contact-system/contact-1440-validation-copy-repeat.png; /tmp/portfolio-feature-audit/postfix/integration-report.md | T59: Unassigned | U59: 46257 | V59: 46257.605
A60: PF-404-001 | B60: Code Inventory | C60: Custom not found | D60: Lost visitor | E60: As a visitor on a bad route, I want a branded explanation. | F60: Framework resolves unmatched route. | G60: Load unknown URL. | H60: Render Page not found, signal-lost narrative, 404 decoration, normal ambient/navigation shell, and route-specific metadata. | I60: Semantic h1; decorative 404 hidden; responsive panel; skip link. | J60: src/app/not-found.tsx:7-11,31-69 | K60: src/app/not-found.test.tsx:27-51 | L60: Active | M60: Pass | N60: Pass — HTTP response is 404; title is Page Not Found; the Steve Defendre signal-lost message, Page not found h1, explanatory copy, dark shell, and no active primary route render at 390/768/1440 without overflow. Evidence: /tmp/portfolio-feature-audit/baseline/core/not-found-http-headers.txt; /tmp/portfolio-feature-audit/baseline/core/not-found-1440-a11y.txt; /tmp/portfolio-feature-audit/baseline/core/not-found-390-full.png; /tmp/portfolio-feature-audit/baseline/core/not-found-768-full.png; /tmp/portfolio-feature-audit/baseline/core/not-found-1440-full.png | P60: Not Started | Q60: Pass | R60: Pass — The invalid route rendered Page not found, signal-lost copy, 404 decoration, ambient shell, route title/description, one visible navigation, and no overflow at 390/768/1440. Evidence: /tmp/portfolio-feature-audit/postfix/core/390/not-found-diagnostics.json; /tmp/portfolio-feature-audit/postfix/core/390/not-found-a11y.txt; /tmp/portfolio-feature-audit/postfix/core/390/not-found-full.png; /tmp/portfolio-feature-audit/postfix/core/768/not-found-full.png; /tmp/portfolio-feature-audit/postfix/core/1440/not-found-full.png | T60: Unassigned | U60: 46257 | V60: 46257.605
A61: PF-404-002 | B61: Code Inventory | C61: Custom not found recovery | D61: Lost visitor | E61: As a lost visitor, I want recovery destinations. | F61: 404 shown. | G61: Activate Home, Projects, or Contact. | H61: Navigate to selected route via recovery nav. | I61: nav aria-label="Page recovery"; two-column mobile grid/row at sm; 48px controls. | J61: src/app/not-found.tsx:13-29,70-84 | K61: src/app/not-found.test.tsx:27-46 | L61: Active | M61: Pass | N61: Pass — Accessibility tree exposes Page recovery navigation; keyboard Home and click Projects/Contact each reached the intended route; mobile controls reflow 2+1 and remain clear of the dock. Evidence: /tmp/portfolio-feature-audit/baseline/core/not-found-1440-a11y.txt; /tmp/portfolio-feature-audit/baseline/core/not-found-recovery-home-keyboard.txt; /tmp/portfolio-feature-audit/baseline/core/not-found-recovery-projects.txt; /tmp/portfolio-feature-audit/baseline/core/not-found-recovery-contact.txt; /tmp/portfolio-feature-audit/baseline/core/not-found-390-full.png | P61: Not Started | Q61: Pass | R61: Pass — The labelled recovery navigation rendered three 47.6px+ targets; each was activated and reached its intended route. Evidence: /tmp/portfolio-feature-audit/postfix/core/390/not-found-diagnostics.json; /tmp/portfolio-feature-audit/postfix/core/390/recovery-home-url.txt; /tmp/portfolio-feature-audit/postfix/core/390/recovery-projects-url.txt; /tmp/portfolio-feature-audit/postfix/core/390/recovery-contact-url.txt | T61: Unassigned | U61: 46257 | V61: 46257.605
A62: PF-404-003 | B62: Code Inventory | C62: Custom not found attribution/analytics | D62: Visitor/operator | E62: As a visitor/operator, I want attribution and page-view telemetry. | F62: 404 shown. | G62: Open studio link / page loads. | H62: Protected Defendre Solutions link and nonce-bearing deferred Vercel Insights script. | I62: Focusable external link; nonce sourced from request headers. | J62: src/app/not-found.tsx:31-32,87-103 | K62: src/app/not-found.test.tsx:27-46; proxy nonce coverage is indirect | L62: Active | M62: Pass | N62: Pass — Built by Defendre Solutions is present and opens the correct protected new tab. The analytics script is injected, while existing local-only CAND-RUNTIME-ANALYTICS-001 is confirmed by its 404/MIME console errors; production was not tested. Evidence: /tmp/portfolio-feature-audit/baseline/core/not-found-1440-a11y.txt; /tmp/portfolio-feature-audit/baseline/core/not-found-attribution-studio-tabs.txt; /tmp/portfolio-feature-audit/baseline/core/not-found-analytics-dom.json; /tmp/portfolio-feature-audit/baseline/core/not-found-console.txt; /tmp/portfolio-feature-audit/baseline/core/not-found-network.txt | O62: A11Y-EXT-001; CAND-RUNTIME-ANALYTICS-001 | P62: Fixed | Q62: Pass | R62: Pass — The repaired attribution name disclosed its new tab, used protected rel, and opened the studio. The deferred Insights script carried a runtime nonce. Its endpoint is unavailable locally, matching the previously rejected local-only analytics observation rather than a product regression. Evidence: /tmp/portfolio-feature-audit/postfix/core/390/not-found-diagnostics.json; /tmp/portfolio-feature-audit/postfix/core/external/not-found-studio-tabs.txt; /tmp/portfolio-feature-audit/postfix/core/1440/final-console.txt | T62: Unassigned | U62: 46257 | V62: 46257.605
A63: PF-SEO-001 | B63: Code Inventory | C63: Root metadata / all routes | D63: Search/social crawler | E63: As a crawler, I want canonical site identity and preview cards. | F63: Metadata rendered. | G63: Parse document head. | H63: Title/description, canonical URL, Open Graph website fields/image, Twitter large image card. | I63: Absolute base normalized from environment; image has dimensions/alt. | J63: src/lib/site-metadata.ts:3-50; src/app/layout.tsx:4-7 | K63: src/app/(site)/layout.test.tsx:98-164; src/app/(site)/layout_extended.test.tsx:62-97 | L63: Active | M63: Pass | N63: Pass — Public route metadata used the correct production absolute origin; local fallback divergence was environment-only. Evidence: /tmp/portfolio-feature-audit/baseline/contact-system/system-evidence.md | O63: CAND-RUNTIME-METADATA-001 | P63: Won't Fix | Q63: Pass | R63: Pass — Root and route-specific title, description, canonical, Open Graph, Twitter/image metadata remained present. Local fallback divergence is environment-only and prior public evidence is green. Evidence: /tmp/portfolio-feature-audit/postfix/contact-system/home-static.png; /tmp/portfolio-feature-audit/postfix/integration-report.md | T63: Unassigned | U63: 46257 | V63: 46257.605
A64: PF-SEO-002 | B64: Code Inventory | C64: Metadata URL normalization | D64: Deployment system/crawler | E64: As a deploy system, I want stable absolute URLs. | F64: Env vars may be bare, protocol-relative, malformed, or absent. | G64: Resolve metadata/robots/sitemap base. | H64: Prefer NEXT_PUBLIC_SITE_URL, then production Vercel URL, then deployment URL, then localhost; add https when needed; strip path to root; skip malformed. | I64: Operational, not visual. | J64: src/lib/site-metadata.ts:3-27; same normalization in src/app/robots.ts:3-30 and src/app/sitemap.ts:3-30 | K64: src/app/(site)/layout.test.tsx:98-151; src/app/(site)/layout_extended.test.tsx:62-97; metadata route tests below | L64: Active | M64: Pass | N64: Pass — Unit suite passed normalization variants and public endpoints consistently used the production origin. Evidence: /tmp/portfolio-feature-audit/baseline/contact-system/system-evidence.md; /tmp/portfolio-feature-audit/baseline/contact-system/validation-evidence.md | O64: CAND-RUNTIME-METADATA-001 | P64: Won't Fix | Q64: Pass | R64: Pass — No-env runtime correctly selected localhost fallback; recorded unit/integration coverage validates normalization and precedence variants. Evidence: /tmp/portfolio-feature-audit/postfix/integration-report.md; /tmp/portfolio-feature-audit/postfix/validation-results.json | T64: Unassigned | U64: 46257 | V64: 46257.605
A65: PF-SEO-003 | B65: Code Inventory | C65: /robots.txt | D65: Search crawler | E65: As a crawler, I want crawl instructions. | F65: Metadata route requested. | G65: GET robots. | H65: Allow all agents at /, emit canonical sitemap URL and host. | I65: Machine-readable. | J65: src/app/robots.ts:32-42 | K65: src/app/robots.test.ts:42-48 | L65: Active | M65: Pass | N65: Pass — Local endpoint was machine-readable; public robots consistently emitted production Host and Sitemap. Evidence: /tmp/portfolio-feature-audit/baseline/contact-system/system-evidence.md | O65: CAND-RUNTIME-METADATA-001 | P65: Won't Fix | Q65: Pass | R65: Pass — Robots returned 200 text/plain with allow-all, host, and sitemap; local values reflect fallback while recorded public values use production. Evidence: /tmp/portfolio-feature-audit/postfix/contact-system/robots.png; /tmp/portfolio-feature-audit/postfix/integration-report.md | T65: Unassigned | U65: 46257 | V65: 46257.605
A66: PF-SEO-004 | B66: Code Inventory | C66: /sitemap.xml | D66: Search crawler | E66: As a crawler, I want core route discovery. | F66: Metadata route requested. | G66: GET sitemap. | H66: Emit / priority 1, /contact .9, /projects .8, /about .7, all monthly. | I66: Machine-readable; absolute URLs. | J66: src/app/sitemap.ts:32-47 | K66: src/app/sitemap.test.ts:42-50 | L66: Active | M66: Pass | N66: Pass — Public sitemap exactly matched all routes, priorities, monthly cadence, and production URLs. Evidence: /tmp/portfolio-feature-audit/baseline/contact-system/system-evidence.md | O66: CAND-RUNTIME-METADATA-001 | P66: Won't Fix | Q66: Pass | R66: Pass — Sitemap returned 200 XML with all four routes, monthly cadence, and priorities 1, .8, .7, .9. Evidence: /tmp/portfolio-feature-audit/postfix/contact-system/sitemap.png; /tmp/portfolio-feature-audit/postfix/integration-report.md | T66: Unassigned | U66: 46257 | V66: 46257.605
A67: PF-OPS-001 | B67: Code Inventory | C67: Home request pipeline / | D67: Visitor/deployment system | E67: As a visitor, I want a fast static home with current content. | F67: Build has valid committed static assets. | G67: Request /. | H67: Before-files rewrite serves /static-home-internal, whose GET reads the hashed committed HTML; public URL remains /. | I67: Static document includes semantic/authored home, responsive metadata and one analytics script. | J67: next.config.ts:22-25; src/app/static-home-internal/route.ts:3-18; src/generated/static-home-assets.ts:1-7; scripts/render-static-home.tsx:6-19 | K67: src/proxy.test.ts:5-14; src/app/(home)/layout.test.tsx:19-35; static checks in scripts/check-static-home-assets.node-test.mjs:27-46 | L67: Active | M67: Pass | N67: Pass — Home returned 200 at /, used committed hashed HTML, had one Insights script and zero Next client scripts; static integrity passed. Evidence: /tmp/portfolio-feature-audit/baseline/contact-system/system-evidence.md; /tmp/portfolio-feature-audit/baseline/contact-system/validation-evidence.md | O67: CAND-RUNTIME-METADATA-001 | P67: Won't Fix | Q67: Pass | R67: Pass — Home served current committed static HTML with one Insights script, zero Next client chunks, expected metadata and content. Evidence: /tmp/portfolio-feature-audit/postfix/contact-system/home-static.png; /tmp/portfolio-feature-audit/postfix/contact-system/lane-c-trace.zip | T67: Unassigned | U67: 46257 | V67: 46257.605
A68: PF-OPS-002 | B68: Code Inventory | C68: Static home cache/security | D68: Browser/CDN | E68: As a browser/CDN, I want immutable assets and secure HTML. | F68: Hashed static home files exist. | G68: Request home/static asset. | H68: HTML gets year-long shared cache + 1-day SWR and strict CSP/security headers; hashed HTML/CSS get immutable one-year cache. | I68: Machine-level policy; static CSP allows only self/blob/data as declared and blocks framing. | J68: src/app/static-home-internal/route.ts:7-17; next.config.ts:26-40 | K68: scripts/check-static-home-runtime.mjs:4-13; no direct header integration test | L68: Active | M68: Pass | N68: Pass — Home cache and CSP matched; hashed HTML/CSS privacy/cache behavior passed. Evidence: /tmp/portfolio-feature-audit/baseline/contact-system/system-evidence.md | P68: Not Started | Q68: Pass | R68: Pass — Home shared cache/SWR, static CSP/security headers, and immutable content-addressed CSS cache matched expectations. Evidence: /tmp/portfolio-feature-audit/postfix/contact-system-report.md | T68: Unassigned | U68: 46257 | V68: 46257.605
A69: PF-OPS-003 | B69: Code Inventory | C69: Static implementation URL privacy | D69: Visitor/crawler | E69: As a visitor/crawler, I should not browse implementation URLs. | F69: Request /static-home-internal or hashed static-home HTML directly. | G69: GET implementation path. | H69: 308 redirect to /; matcher excludes framework/API assets as configured. | I69: Keeps crawlable surface canonical. | J69: src/proxy.ts:7-16,52-61 | K69: src/proxy.test.ts:5-14 | L69: Active | M69: Pass | N69: Pass — Both internal and hashed HTML paths returned 308 with Location /. Evidence: /tmp/portfolio-feature-audit/baseline/contact-system/system-evidence.md | P69: Not Started | Q69: Pass | R69: Pass — Internal and current hashed static-home HTML implementation paths each returned 308 Location /. Evidence: /tmp/portfolio-feature-audit/postfix/contact-system-report.md | T69: Unassigned | U69: 46257 | V69: 46257.605
A70: PF-OPS-004 | B70: Code Inventory | C70: Dynamic route CSP nonce | D70: Browser/security system | E70: As a browser, I want scripts constrained by per-request CSP. | F70: Request non-home matched route. | G70: Load page. | H70: Generate nonce, attach to request headers and response CSP; scripts require self + nonce + strict-dynamic; local dev alone permits unsafe-eval; images allow Microlink. | I70: Blocks objects/framing and restricts base/form; local HTTP omits upgrade directive. | J70: src/proxy.ts:18-49 | K70: src/proxy.test.ts:15-35 | L70: Active | M70: Pass | N70: Pass — All 21 body nonces matched the response nonce; directives and local HTTP behavior matched. Evidence: /tmp/portfolio-feature-audit/baseline/contact-system/system-evidence.md | O70: PERF-NAV-001 | P70: Won't Fix | Q70: Pass | R70: Pass — Dynamic route response used a per-response nonce CSP with strict script policy; recorded integration verified all body nonce matches. Evidence: /tmp/portfolio-feature-audit/postfix/contact-system/lane-c-trace.zip; /tmp/portfolio-feature-audit/postfix/integration-report.md | T70: Unassigned | U70: 46257 | V70: 46257.605
A71: PF-OPS-005 | B71: Code Inventory | C71: Site-wide security headers | D71: Browser/security system | E71: As a visitor, I want hardened responses. | F71: Any path matches Next headers. | G71: Load response. | H71: Disable camera/geolocation/microphone/payment; strict-origin referrer; two-year HSTS; nosniff. | I71: Operational security. | J71: next.config.ts:3-20,36-40; mirrored on static HTML src/app/static-home-internal/route.ts:12-16 | K71: No direct integration test; CSP-focused unit tests only | L71: Active | M71: Pass | N71: Pass — All four header families matched locally and publicly. Evidence: /tmp/portfolio-feature-audit/baseline/contact-system/system-evidence.md | P71: Not Started | Q71: Pass | R71: Pass — Expected Permissions, Referrer, HSTS, and nosniff headers appeared across Home, dynamic, metadata, and asset responses. Evidence: /tmp/portfolio-feature-audit/postfix/contact-system-report.md | T71: Unassigned | U71: 46257 | V71: 46257.605
A72: PF-OPS-006 | B72: Code Inventory | C72: Analytics loading | D72: Site operator | E72: As an operator, I want page analytics on all route shells. | F72: Browser loads a route. | G72: Page rendered. | H72: Home/404 load deferred same-origin Insights script (nonce where dynamic); site routes mount Vercel Analytics React adapter. | I72: Analytics failure does not block primary behaviors; home avoids Next client chunks. | J72: src/app/(home)/layout.tsx:4-11; src/app/(site)/layout.tsx:2,53-54; src/app/not-found.tsx:31-32,102; scripts/render-static-home.tsx:18 | K72: src/app/(home)/layout.test.tsx:19-35; src/app/(site)/layout.test.tsx:152-164; scripts/check-static-home-runtime.mjs:12 | L72: Active | M72: Pass | N72: Pass — Public Insights script returned 200 JavaScript; site Analytics emitted Contact event; local static script 404 remained nonblocking and environment-only. Evidence: /tmp/portfolio-feature-audit/baseline/contact-system/system-evidence.md | O72: CAND-RUNTIME-ANALYTICS-001 | P72: Won't Fix | Q72: Pass | R72: Pass — Home retained one Insights loader and Contact emitted the expected minimal custom event. Local Insights script 404 is a known nonblocking hosting limitation; recorded public delivery is 200 JavaScript. Evidence: /tmp/portfolio-feature-audit/postfix/contact-system/lane-c-trace.zip; /tmp/portfolio-feature-audit/postfix/integration-report.md | T72: Unassigned | U72: 46257 | V72: 46257.605
A73: PF-OPS-007 | B73: Code Inventory | C73: Responsive image delivery | D73: Browser | E73: As a visitor, I want appropriately sized local images. | F73: Next image optimizer available. | G73: Load headshot/project preview. | H73: Emit optimizer URLs for 256-3840 widths, srcSet, authored sizes, async decoding, eager/high priority for priority images and lazy otherwise. | I73: Descriptive alt required by component contract; reduces bandwidth across sizes. | J73: src/components/ResponsiveImage.tsx:1-43; remote Microlink pattern next.config.ts:42-49 | K73: Project image behavior src/components/__tests__/ProjectCard.test.tsx:79-93,151-159; no width-selection browser assertion | L73: Active | M73: Pass | N73: Pass — Markup and HTTP assets matched; unnecessary hidden/below-fold preloads confirm an existing performance candidate but not delivery failure. Evidence: /tmp/portfolio-feature-audit/baseline/contact-system/system/home-mobile-loading.png; /tmp/portfolio-feature-audit/baseline/contact-system/system-evidence.md | O73: PERF-IMG-001 | P73: Fixed | Q73: Pass | R73: Pass — Responsive optimizer markup and image priorities were correct; hero alone eager/high, navigation/project imagery lazy/non-high; asset requests succeeded. Evidence: /tmp/portfolio-feature-audit/postfix/contact-system/home-static.png; /tmp/portfolio-feature-audit/postfix/integration-report.md | T73: Unassigned | U73: 46257 | V73: 46257.605
A74: PF-OPS-008 | B74: Code Inventory | C74: Static home integrity pipeline | D74: Developer/CI | E74: As a maintainer, I want stale committed home output rejected. | F74: Run build/check scripts. | G74: npm run prebuild, build, check:static-home, or sync. | H74: Hash explicit source/assets/fonts; compile/minify CSS; server-render HTML; commit manifest; fail when inputs/outputs/cross-links/fonts/runtime invariants drift. | I74: Build-time behavior; generated home must have zero Next chunks and exactly one Insights script. | J74: package.json:5-15; scripts/static-home-assets-lib.mjs:6-82; scripts/sync-static-home-assets.mjs:10-36; scripts/check-static-home-assets.mjs:5-19; scripts/check-static-home-runtime.mjs:4-13 | K74: scripts/check-static-home-assets.node-test.mjs:27-46 | L74: Active | M74: Pass | N74: Pass — Prebuild, build runtime check, static tests, and check:static-home all passed with hash 209f3c04064b013e. Evidence: /tmp/portfolio-feature-audit/baseline/contact-system/validation-evidence.md | O74: CAND-RUNTIME-METADATA-001 | P74: Won't Fix | Q74: Pass | R74: Pass — Current static-home asset/runtime check passed with input hash prefix 9210fbac0dc0b3bb; recorded clean build also passed. Evidence: /tmp/portfolio-feature-audit/postfix/contact-system-report.md; /tmp/portfolio-feature-audit/postfix/integration-report.md | T74: Unassigned | U74: 46257 | V74: 46257.605
A75: PF-OPS-009 | B75: Code Inventory | C75: Self-hosted static fonts | D75: Browser/build system | E75: As a visitor, I want stable typography without third-party font requests. | F75: Static font files present and hashes valid. | G75: Load static home. | H75: Serve Fraunces/Manrope WOFF2 subsets with font-display: swap and metric-compatible fallbacks; reject missing/tampered fonts. | I75: Covers Latin/extended, Vietnamese, Cyrillic, Greek subsets as configured; avoids invisible text. | J75: scripts/static-home-fonts.mjs:5-34; public/static-home/fonts/*; src/lib/fonts.ts:1-13 | K75: Integrity covered by scripts/check-static-home-assets.node-test.mjs:27-46; no visual font test | L75: Active | M75: Pass | N75: Pass — All authored font files and CSS declarations were present; static integrity passed. Evidence: /tmp/portfolio-feature-audit/baseline/contact-system/system-evidence.md; /tmp/portfolio-feature-audit/baseline/contact-system/validation-evidence.md | P75: Not Started | Q75: Pass | R75: Pass — Self-hosted Fraunces/Manrope CSS and font-display swap remained; integrity check validated font hashes. Evidence: /tmp/portfolio-feature-audit/postfix/contact-system/home-static.png; /tmp/portfolio-feature-audit/postfix/integration-report.md | T75: Unassigned | U75: 46257 | V75: 46257.605
A76: PF-OPS-010 | B76: Code Inventory | C76: Automated quality gates | D76: Developer/CI | E76: As a maintainer, I want repeatable validation. | F76: Dependencies installed. | G76: Run scripts. | H76: lint ESLint; test Vitest/jsdom max 2 workers excluding E2E; test:e2e Playwright Chromium one worker with failure artifacts; build Next + static runtime check. | I76: E2E explicitly covers mobile 390, tablet 768, desktop 1440 nav; contact mobile; projects desktop. | J76: package.json:5-15; vitest.config.ts:5-18; playwright.config.ts:9-43; playwright.config.helpers.ts:1-8 | K76: Config classifier playwright.config.test.ts:5-13; E2E specs e2e/*.spec.ts | L76: Active | M76: Pass | N76: Pass — 145 unit, 2 static, and 6 E2E tests passed; lint passed with one existing warning; clean tsc and build passed. Cross-engine/mode coverage remains a confirmed QA candidate. Evidence: /tmp/portfolio-feature-audit/baseline/contact-system/validation-evidence.md | O76: QA-A11Y-001 | P76: Fixed | Q76: Pass | R76: Pass — Recorded final gates: 156/156 unit, 3/3 static, typecheck/build/static integrity, and 18/18 browser tests across Chromium/Firefox/WebKit. Current config includes the three browser projects and focused accessibility spec. Evidence: /tmp/portfolio-feature-audit/postfix/integration-report.md; /tmp/portfolio-feature-audit/postfix/validation-results.json | T76: Unassigned | U76: 46257 | V76: 46257.605
A77: PF-OPS-011 | B77: Code Inventory | C77: Public asset catalog | D77: Browser | E77: As a visitor, I want the authored media used by the portfolio. | F77: Asset request. | G77: Load icon/headshot/project preview. | H77: Serve favicon, headshot, and seven project-preview JPGs; static-home HTML/CSS/fonts are content-addressed. | I77: Image components provide alt except decorative fallbacks; favicon linked by static renderer. | J77: public/favicon via src/app/favicon.ico; public/headshot.jpg; public/project-previews/*; scripts/render-static-home.tsx:17; catalog references src/data/projects.ts:24-87 | K77: Project catalog required fields/assets partly covered by src/data/__tests__/projects.test.ts:14-134; no file-existence unit test outside static hash pipeline | L77: Active | M77: Pass | N77: Pass — All nine asset requests returned 200 with correct MIME and nonzero bytes; content-addressed artifacts verified. Evidence: /tmp/portfolio-feature-audit/baseline/contact-system/system-evidence.md | P77: Not Started | Q77: Pass | R77: Pass — Favicon, headshot, and seven project preview files returned 9/9 HTTP 200 with correct MIME and nonzero bytes. Evidence: /tmp/portfolio-feature-audit/postfix/contact-system-report.md | T77: Unassigned | U77: 46257 | V77: 46257.605
A78: PF-OPS-012 | B78: Code Inventory | C78: Dormant Three.js subsystem | D78: Maintainer (not current visitor) | E78: As a maintainer, I want legacy WebGL code identified accurately. | F78: ThreeScene is imported/mounted (it currently is not; AnimatedBackground deliberately replaced it). | G78: Mount component. | H78: Would create a pointer-reactive Three.js scene, pause/resume per interactivity state, debounce resize, cap DPR/delta, render a static gradient if setup fails, and dispose resources. Current production shell renders CSS ambient background instead. | I78: Container is pointer-events none; failure keeps fallback; motion lifecycle tested. Not an active user-visible feature. | J78: src/components/ThreeScene.tsx:1-22; src/hooks/three/useThreeScene.ts:8-64; src/hooks/three/useThreeBase.ts:8-79; src/hooks/three/useThreeAnimation.ts:18-116; active replacement src/components/AnimatedBackground.tsx:1-14 | K78: src/components/__tests__/AnimatedBackground.test.tsx:17-24; src/components/__tests__/ThreeScene*.test.tsx; src/hooks/three/__tests__/*.test.ts | L78: Inactive / Dormant | M78: Pass | N78: Pass — No active production import/mount exists; lifecycle/failure/performance tests passed in the unit suite. Evidence: /tmp/portfolio-feature-audit/baseline/contact-system/system-evidence.md; /tmp/portfolio-feature-audit/baseline/contact-system/validation-evidence.md | P78: Not Started | Q78: Pass | R78: Pass — Active Home had AnimatedBackground and zero canvas/Three.js mounts; recorded unit/integration coverage validates dormant lifecycle and cleanup. Evidence: /tmp/portfolio-feature-audit/postfix/contact-system/home-static.png; /tmp/portfolio-feature-audit/postfix/integration-report.md | S78: Dormant, unmounted Three.js subsystem retained for code-inventory completeness. | T78: Unassigned | U78: 46257 | V78: 46257.605

Sheet Defects
A1: Defect ID | B1: Phase | C1: Status | D1: Severity | E1: Category | F1: Route / Feature | G1: Title | H1: User Impact | I1: Reproduction / Verification | J1: Expected Behavior | K1: Recommended Correction | L1: Source Evidence | M1: Suggested Command | N1: WCAG / Standard | O1: Owner | P1: Created At | Q1: Updated At | R1: Source Artifact
A2: UX-CONTACT-001 | B2: Static UX Audit | C2: Verified | D2: Medium | E2: Error state / external protocol behavior | F2: /contact → “Prepare email draft” | G2: Contact form reports success without evidence that a draft opened | H2: A browser with no registered mail handler, a blocked external-protocol launch, or a platform that ignores the detached-anchor click receives a green success state even though no draft exists. Users may wait for a draft that will never appear or abandon the inquiry. | I2: On a profile with no mailto: handler, complete the form and activate “Prepare email draft.” The code calls draftLink.click() and immediately runs setStatus("success"); no observable launch signal is checked. The current E2E interception proves the UI can enter success after an intentionally no-op click. | J2: The UI should not claim a successful outcome it cannot observe. It should present a neutral “draft link opened/was requested” state plus persistent recovery actions (direct email link, copy address, or copy full draft), and it should distinguish validation failure from protocol-launch uncertainty. | K2: Replace success with a neutral ready/requested state; render the mailto as a real user-activated anchor or expose the generated link; keep a visible copy-email/copy-draft fallback; use a separate error message for validation versus launch construction failures.; Implemented and independently verified; retain the cited regression coverage. | L2: src/components/ContactComposer.tsx:145-159, src/components/ContactComposer.tsx:162-176; the E2E test explicitly suppresses the mailto action yet still expects success at e2e/contact.spec.ts:18-21 and e2e/contact.spec.ts:53-57.; Baseline confirmed: a safely intercepted no-op mailto click immediately produced success messaging although no mail app opened. Evidence: /tmp/portfolio-feature-audit/baseline/contact-system/contact-interactions.md; Fixed/Verified: neutral requested/nothing-sent handoff and fallback actions passed.; Linked Feature IDs: PF-CONTACT-009, PF-CONTACT-011 | M2: /harden | O2: Unassigned | P2: 46257 | Q2: 46257.605 | R2: /tmp/portfolio-feature-audit/static-ux-audit.md; /tmp/portfolio-feature-audit/baseline/contact-system-report.md; /tmp/portfolio-feature-audit/postfix/contact-system-results.json; /tmp/portfolio-feature-audit/fix/contact-fixes.md; /tmp/portfolio-feature-audit/postfix/integration-report.md
A3: UX-CONTACT-002 | B3: Static UX Audit | C3: Verified | D3: Medium | E3: Resilience / data entry | F3: /contact contact composer | G3: Unbounded fields can generate mailto URLs too long for browsers or mail clients | H3: Long names, email values, or project descriptions can create a very large encoded URL. Platform-specific URL/protocol-handler limits can truncate the draft, refuse to launch it, or drop body content with no reliable feedback. | I3: Paste a multi-thousand-character message, submit, and inspect buildContactMailtoUrl; its length grows without a ceiling. Repeat on Safari, iOS, Outlook, and Windows default-mail configurations to establish actual thresholds. | J3: The product should either enforce and communicate a safe payload budget or submit through a real endpoint that is not constrained by URL length. | K3: Add explicit per-field maxima and a visible message character counter; validate the final encoded URL length; provide a copy-full-draft fallback. For unrestricted inquiries, replace mailto: composition with a server-backed form and preserve the “nothing sends automatically” promise only if that remains true.; Implemented and independently verified; retain the cited regression coverage. | L3: src/components/ContactComposer.tsx:51-67 builds the entire submission into a URL; src/components/ContactComposer.tsx:260-272 renders the message textarea with no maxLength; validation at src/components/ContactComposer.tsx:398-439 enforces only a minimum message length.; Baseline confirmed: all text fields are unbounded; a 5,000-character message produced a 5,367-character mailto URL. Evidence: /tmp/portfolio-feature-audit/baseline/contact-system/contact-interactions.md; Fixed/Verified: field limits, counter, encoded URL guard, and rejection path passed.; Linked Feature IDs: PF-CONTACT-006, PF-CONTACT-007, PF-CONTACT-009 | M3: /harden | O3: Unassigned | P3: 46257 | Q3: 46257.605 | R3: /tmp/portfolio-feature-audit/static-ux-audit.md; /tmp/portfolio-feature-audit/baseline/contact-system-report.md; /tmp/portfolio-feature-audit/postfix/contact-system-results.json; /tmp/portfolio-feature-audit/fix/contact-fixes.md; /tmp/portfolio-feature-audit/postfix/integration-report.md
A4: PERF-IMG-001 | B4: Static UX Audit | C4: Verified | D4: Medium | E4: Performance / loading priority | F4: Home, Projects, and shared desktop dock | G4: Hidden and below-fold images are eagerly preloaded | H4: On mobile, bytes and request priority are spent on a CSS-hidden desktop avatar. On Home and Projects, a project preview that follows substantial hero/filter content competes with the actual above-fold image, CSS, and fonts. This can delay LCP on slower connections. | I4: Load / and /projects on a cold, throttled mobile connection and inspect Network/Performance. Confirm the avatar and first project preview start before they are visible; compare LCP and priority waterfalls after making only the actual LCP image eager. | J4: Only the likely LCP image at the active breakpoint should preload. Hidden or below-fold media should be lazy and fetch when close to the viewport. | K4: Remove isFeatured as an automatic reason for priority; set priority explicitly per route and viewport intent. Do not mark the desktop-only sidebar avatar priority on mobile; consider a responsive preload media strategy or ordinary lazy loading for the tiny dock image.; Implemented and independently verified; retain the cited regression coverage. | L4: src/components/ProjectCard.tsx:108-115 makes every featured card eager; src/app/(home)/page.tsx:154-163 makes the first below-hero card featured; src/data/projects.ts:24-33 also marks the first project priority; src/components/Sidebar.tsx:12-22 marks the desktop-only avatar priority even though the entire aside is hidden below md; src/components/HomeNavigation.tsx:11-24 emits the same hidden-mobile avatar in the static home. The generated home document confirms head preloads for the dock avatar, hero headshot, and first project preview in public/static-home.36cfc4dac344389e.html:1.; Baseline observed hidden-mobile and below-fold eager/high requests, but no controlled cold/throttled LCP benchmark was run. Retain Candidate pending impact measurement. Evidence: /tmp/portfolio-feature-audit/baseline/core/home-390-dom.json; Promoted from Candidate, then Fixed/Verified: hidden/nav/project media is lazy/non-high while the Home hero alone remains eager/high.; Linked Feature IDs: PF-HOME-005, PF-HOME-007, PF-OPS-007, PF-PROJ-006, PF-PROJ-011 | M4: /optimize | O4: Unassigned | P4: 46257 | Q4: 46257.605 | R4: /tmp/portfolio-feature-audit/static-ux-audit.md; /tmp/portfolio-feature-audit/baseline/reconciliation-report.md; /tmp/portfolio-feature-audit/fix/candidate-adjudication.md; /tmp/portfolio-feature-audit/fix/global-fixes.md; /tmp/portfolio-feature-audit/postfix/core-results.json; /tmp/portfolio-feature-audit/postfix/projects-results.json; /tmp/portfolio-feature-audit/postfix/integration-report.md
A5: PERF-NAV-001 | B5: Static UX Audit | C5: Closed | D5: Medium | E5: Perceived performance / navigation | F5: Internal navigation among /about, /projects, and /contact | G5: Dynamic, non-prefetched navigation has no loading feedback | H5: Under network/server latency, activating a primary navigation item can leave the current screen unchanged with no progress indication. Because prefetch is blanket-disabled and the routes are request-time rendered, the latency is paid after the click even for lightweight, mostly static pages. | I5: Throttle the network and add server latency, then move between About, Projects, and Contact. Measure click-to-first-visual-response and verify whether the current nav state changes before the response arrives. | J5: A navigation action should acknowledge immediately, and safe high-intent routes should be prefetched where compatible with the CSP/nonce architecture. | K5: No product correction authorized. Preserve this disposition as history and re-open only with new public, measured, or user-impact evidence. | L5: src/app/layout.tsx:9 forces dynamic rendering; src/app/(site)/layout.tsx:1-12 reads request headers; src/components/NavLink.tsx:53-60 disables prefetch for every internal Link; src/components/Sidebar.tsx:106-110 also disables prefetch on the primary CTA. There is no loading.tsx under src/app.; Baseline confirmed no loading boundary and an offline full-navigation fallback, but normal-production click-to-response impact was not benchmarked. Retain Candidate pending controlled cold/warm latency measurement. Evidence: /tmp/portfolio-feature-audit/baseline/core/nav-offline-console.txt; Closed/Rejected after adjudication: normal navigation passed and no measured production latency impact exists; the forced-offline browser error is outside the stated product contract.; Linked Feature IDs: PF-NAV-002, PF-NAV-003, PF-NAV-005, PF-OPS-004 | M5: /optimize | O5: Unassigned | P5: 46257 | Q5: 46257.605 | R5: /tmp/portfolio-feature-audit/static-ux-audit.md; /tmp/portfolio-feature-audit/baseline/reconciliation-report.md; /tmp/portfolio-feature-audit/fix/candidate-adjudication.md
A6: RESP-CONTACT-001 | B6: Static UX Audit | C6: Verified | D6: Medium | E6: Responsive layout / navigation clearance | F6: /contact → contact composer explainer at desktop widths | G6: Sticky contact copy can sit beneath the fixed desktop dock | H6: Once the left column becomes sticky at lg, its top is 2rem from the viewport while the fixed dock extends roughly from 1rem to at least 5.75rem. The dock overlays the upper portion of the sticky heading/copy, reducing readability during form completion. | I6: At 1024–1440px width, scroll /contact until the “Draft first” column sticks. Compare its bounding box with the fixed dock; the dock's bottom should currently be below the sticky region's top. | J6: Sticky content should maintain visible clearance below the fixed dock, including safe-area inset. | K6: Reuse a shared desktop dock-clearance token (approximately the existing 9rem scroll padding) for lg:top-*, or remove sticky behavior when the viewport is too short. Add an E2E bounding-box assertion while scrolling, not only at initial page load.; Implemented and independently verified; retain the cited regression coverage. | L6: src/app/(site)/contact/page.tsx:104-123 uses lg:sticky lg:top-8; the desktop dock occupies the top of the viewport at src/components/Sidebar.tsx:12-14 with z-40, safe-area top padding, and a minimum 4.75rem rail. The equivalent home dock geometry is in src/components/HomeNavigation.tsx:11-12.; Baseline confirmed: at 1440px the sticky explainer overlapped the fixed dock by 74.41px. Evidence: /tmp/portfolio-feature-audit/baseline/contact-system/contact-interactions.md; Fixed/Verified: short-desktop sticky explainer cleared the dock by 52px with zero overlap.; Linked Feature IDs: PF-CONTACT-006, PF-SHELL-005 | M6: /adapt | O6: Unassigned | P6: 46257 | Q6: 46257.605 | R6: /tmp/portfolio-feature-audit/static-ux-audit.md; /tmp/portfolio-feature-audit/baseline/contact-system-report.md; /tmp/portfolio-feature-audit/postfix/contact-system-results.json; /tmp/portfolio-feature-audit/fix/contact-fixes.md; /tmp/portfolio-feature-audit/postfix/integration-report.md
A7: A11Y-EXT-001 | B7: Static UX Audit | C7: Verified | D7: Low | E7: Accessibility / external-link behavior | F7: Shared dock/footer, Home, About, and Contact external links | G7: Most new-tab links do not announce the context change | H7: Screen-reader, magnification, cognitive, and keyboard users can be moved to a new browsing context without warning. The contact cards' arrow icon is aria-hidden, so it does not provide an accessible cue. | I7: Inspect the accessible names of GitHub, LinkedIn, Defendre Solutions, and Support links, then activate them. Their names omit “opens in a new tab” despite target="_blank". | J7: New-context behavior should be consistent and announced in the accessible name or adjacent explanatory text; alternatively, same-tab navigation should be the default. | K7: Centralize external links in a component that applies secure rel values and an sr-only new-tab disclosure. Use the ProjectCard accessible-name pattern consistently. Consider dropping target="_blank" where preserving the portfolio tab is not essential.; Implemented and independently verified; retain the cited regression coverage. | L7: Representative instances: src/components/HomeNavigation.tsx:51-55, src/components/Sidebar.tsx:92-103, src/components/HomeShell.tsx:11-13, src/app/(site)/layout.tsx:30-40, src/app/(home)/page.tsx:59-68, src/app/(site)/about/page.tsx:115-126, src/app/(site)/contact/page.tsx:141-178, and src/app/(site)/contact/page.tsx:197-209. ProjectCard demonstrates the desired disclosure at src/components/ProjectCard.tsx:194-210.; Baseline confirmed: shared/Home/About/Contact/404 new-tab names omit the context change while project cards disclose it. Evidence: /tmp/portfolio-feature-audit/baseline/core-results.json; /tmp/portfolio-feature-audit/baseline/contact-system-results.json; Fixed/Verified: Home/About/Contact/404/social/card names disclose new tabs and protected destinations passed.; Linked Feature IDs: PF-404-003, PF-ABOUT-002, PF-CONTACT-012, PF-CONTACT-014, PF-HOME-002, PF-NAV-006, PF-NAV-007, PF-PROJ-008 | M7: /normalize | N7: WCAG change-of-context guidance (G201/advisory); not treated here as a confirmed WCAG A/AA failure. | O7: Unassigned | P7: 46257 | Q7: 46257.605 | R7: /tmp/portfolio-feature-audit/static-ux-audit.md; /tmp/portfolio-feature-audit/baseline/reconciliation-report.md; /tmp/portfolio-feature-audit/postfix/core-results.json; /tmp/portfolio-feature-audit/postfix/projects-results.json; /tmp/portfolio-feature-audit/postfix/contact-system-results.json; /tmp/portfolio-feature-audit/fix/global-fixes.md; /tmp/portfolio-feature-audit/postfix/integration-report.md
A8: A11Y-IMG-001 | B8: Static UX Audit | C8: Verified | D8: Low | E8: Accessibility / content accuracy | F8: Home selected work and /projects cards for Traces | G8: Prototype preview alt text incorrectly calls the project live | H8: A screen-reader user receives status information that conflicts with the visible and semantic “Prototype” label, weakening trust in the project catalog. | I8: Inspect the Traces image alt text in the accessibility tree; it reads “Traces live project preview…” while the card status reads “Prototype.” | J8: Alt text should describe the image without inventing deployment state, or derive wording from the actual status prop. | K8: Prefer concise alt text such as “Preview of the Traces project,” leaving status to the adjacent text, or generate “live/prototype project preview” from status. Update the unit test to cover both statuses.; Implemented and independently verified; retain the cited regression coverage. | L8: src/components/ProjectCard.tsx:67-70 always constructs “live project preview”; src/data/projects.ts:52-59 marks Traces as Prototype. The incorrect wording is codified in src/components/__tests__/ProjectCard.test.tsx:79-90.; Baseline confirmed: Traces is visibly Prototype while its image alternative calls it a live project preview. Evidence: /tmp/portfolio-feature-audit/baseline/projects-results.json; Fixed/Verified: Traces remains Prototype and its preview alt is accurate/status-neutral.; Linked Feature IDs: PF-HOME-007, PF-PROJ-005, PF-PROJ-006, PF-PROJ-014 | M8: /clarify | N8: WCAG 1.1.1 intent (text alternatives should be accurate). | O8: Unassigned | P8: 46257 | Q8: 46257.605 | R8: /tmp/portfolio-feature-audit/static-ux-audit.md; /tmp/portfolio-feature-audit/baseline/reconciliation-report.md; /tmp/portfolio-feature-audit/postfix/core-results.json; /tmp/portfolio-feature-audit/postfix/projects-results.json; /tmp/portfolio-feature-audit/fix/global-fixes.md; /tmp/portfolio-feature-audit/postfix/integration-report.md
A9: A11Y-CLIP-001 | B9: Static UX Audit | C9: Verified | D9: Low | E9: Accessibility / clipboard error recovery | F9: /contact → Copy email | G9: Repeated clipboard failures are not re-announced | H9: The button explicitly changes to “Try copy again,” but if clipboard access remains unavailable, a second activation produces no DOM/text change and therefore may produce no new live-region announcement. Screen-reader users receive no confirmation that the retry failed. | I9: Disable navigator.clipboard, activate Copy email twice with a screen reader, and listen after the second activation. The first failure updates the status; the second repeats setStatus("error") with identical content. | J9: Every user-initiated retry should produce perceptible feedback, and the fallback action should remain clear. | K9: Track an attempt counter or briefly return to a pending state so the status message changes, and consider selecting/focusing the visible email address or exposing a direct mailto fallback after failure.; Implemented and independently verified; retain the cited regression coverage. | L9: src/components/CopyEmailButton.tsx:28-44 sets the same error state for every failed attempt; src/components/CopyEmailButton.tsx:47-84 leaves the live-region text unchanged after the first failure.; Baseline confirmed: the second identical clipboard failure produces no DOM/live-region mutation or re-announcement. Evidence: /tmp/portfolio-feature-audit/baseline/contact-system/contact-interactions.md; Fixed/Verified: consecutive clipboard failures produced distinct polite live-region mutations.; Linked Feature IDs: PF-CONTACT-005 | M9: /harden | N9: WCAG 4.1.3 intent (status messages). | O9: Unassigned | P9: 46257 | Q9: 46257.605 | R9: /tmp/portfolio-feature-audit/static-ux-audit.md; /tmp/portfolio-feature-audit/baseline/contact-system-report.md; /tmp/portfolio-feature-audit/postfix/contact-system-results.json; /tmp/portfolio-feature-audit/fix/contact-fixes.md; /tmp/portfolio-feature-audit/postfix/integration-report.md
A10: QA-A11Y-001 | B10: Static UX Audit | C10: Verified | D10: Low | E10: Quality assurance / configuration | F10: Cross-browser navigation, mailto, clipboard, focus, motion, and responsive behavior | G10: Browser coverage omits the engines and interaction modes most likely to expose current risks | H10: Regressions in Safari/iOS external-protocol handling, clipboard permissions, backdrop filters, focus visibility, and Firefox scrolling can ship despite a green suite. | I10: Run the same E2E suite under WebKit and Firefox, then add keyboard-only and reduced-motion projects. Record failures or engine-specific layout differences. | J10: Critical user paths and responsive navigation should be protected across Chromium, WebKit, and Firefox, including keyboard and user-preference modes. | K10: Add desktop and mobile WebKit plus Firefox projects; add focused tests for Tab/Shift+Tab order, skip-link focus, external-link names, reduced motion, 200% text/zoom reflow, and sticky-dock clearance.; Implemented and independently verified; retain the cited regression coverage. | L10: playwright.config.ts:28-33 defines Chromium only. Responsive navigation is checked at three viewport sizes in e2e/navigation.spec.ts:8-21, but the suite contains no keyboard tab-order/skip-link test, reduced-motion/transparency test, forced-colors/zoom check, or WebKit/Firefox project. The mailto E2E is synthetic at e2e/contact.spec.ts:8-25.; Baseline confirmed logistical gap: Playwright declares Chromium only and has no dedicated cross-engine, keyboard, or user-preference projects. Evidence: /tmp/portfolio-feature-audit/baseline/contact-system-report.md; Fixed/Verified within authorized scope: Chromium/Firefox/WebKit matrix and focused accessibility coverage passed 18/18.; Linked Feature IDs: PF-OPS-010 | M10: /audit followed by Playwright coverage work | O10: Unassigned | P10: 46257 | Q10: 46257.605 | R10: /tmp/portfolio-feature-audit/static-ux-audit.md; /tmp/portfolio-feature-audit/baseline/contact-system-report.md; /tmp/portfolio-feature-audit/postfix/contact-system-results.json; /tmp/portfolio-feature-audit/fix/global-fixes.md; /tmp/portfolio-feature-audit/postfix/validation-results.json
A11: DESIGN-AI-001 | B11: Static UX Audit | C11: Closed | D11: Low | E11: Visual hierarchy / anti-pattern | F11: All routes | G11: Pervasive glass-card treatment weakens hierarchy | H11: Nearly every level reads as an elevated rounded surface, so primary actions, secondary information, and structural containers compete with one another. Repeated backdrop blur can also make scrolling feel heavier on low-end hardware, though that performance effect requires profiling. | I11: Review each route without reading copy and identify the primary action and section hierarchy using surface treatment alone; then profile scrolling on a low-end/mobile GPU with backdrop filters enabled and disabled. | J11: Surface elevation should encode hierarchy selectively; flat sections, dividers, whitespace, and typography should carry most structure, with glass reserved for one or two high-value layers. | K11: No product correction authorized. Preserve this disposition as history and re-open only with new public, measured, or user-impact evidence. | L11: Shared glass/window primitives at src/app/globals.css:87-151; repeated use across the Home hero/cards (src/app/(home)/page.tsx:33-36, src/components/ProjectCard.tsx:76-86), About timeline/capability grid (src/app/(site)/about/page.tsx:174-231), Project cards/details (src/components/ProjectExplorer.tsx:147-218), and Contact form/cards (src/app/(site)/contact/page.tsx:61-126, src/app/(site)/contact/page.tsx:141-213).; Baseline visually corroborated repeated elevated glass surfaces, but user impact remains subjective and primary actions stayed identifiable. Retain Candidate pending usability/profiling evidence. Evidence: /tmp/portfolio-feature-audit/baseline/core-report.md; Closed/Rejected after adjudication: repeated glass styling is observable, but no contrast, task-completion, hierarchy, or measured GPU failure establishes a repair defect.; Linked Feature IDs: PF-ABOUT-004, PF-ABOUT-005, PF-CONTACT-002, PF-CONTACT-012, PF-CONTACT-014, PF-HOME-001, PF-HOME-007, PF-PROJ-005, PF-PROJ-009, PF-SHELL-001 | M11: /distill or /normalize | O11: Unassigned | P11: 46257 | Q11: 46257.605 | R11: /tmp/portfolio-feature-audit/static-ux-audit.md; /tmp/portfolio-feature-audit/baseline/reconciliation-report.md; /tmp/portfolio-feature-audit/fix/candidate-adjudication.md
A12: CAND-RUNTIME-METADATA-001 | B12: Runtime Discovery | C12: Closed | D12: Low | E12: Metadata / environment consistency | F12: Home, dynamic routes, robots, and sitemap in local runtime | G12: Local absolute metadata uses split origins | H12: Local discovery showed the static Home canonical using the production Vercel origin while dynamic pages, robots, and sitemap resolved against http://localhost:3000. Production configuration was not tested. | I12: Run the portfolio locally, inspect canonical/metadata URLs on all routes, then compare robots.txt and sitemap.xml absolute URLs. Confirm the intended production environment before escalation. | J12: Absolute metadata should resolve consistently to the intended deployment origin for the environment under test. | K12: No product correction authorized. Preserve this disposition as history and re-open only with new public, measured, or user-impact evidence. | L12: runtime-discovery.md: Metadata-visible behavior and Findings and limits #2; Rejected as a public product defect: local fallback origins are environment-specific; public About/Contact/robots/sitemap metadata consistently uses the production origin. Evidence: /tmp/portfolio-feature-audit/baseline/reconciliation/about-metadata-comparison.json; /tmp/portfolio-feature-audit/baseline/contact-system-report.md; Closed/Rejected and reconfirmed: local fallback origins are environment-only; route/public metadata behavior is healthy.; Linked Feature IDs: PF-ABOUT-006, PF-CONTACT-001, PF-OPS-001, PF-OPS-008, PF-PROJ-001, PF-SEO-001, PF-SEO-002, PF-SEO-003, PF-SEO-004 | M12: Production metadata verification | N12: Not applicable | O12: Unassigned | P12: 46257 | Q12: 46257.605 | R12: /tmp/portfolio-feature-audit/runtime-discovery.md; /tmp/portfolio-feature-audit/baseline/reconciliation-report.md; /tmp/portfolio-feature-audit/postfix/integration-report.md
A13: CAND-RUNTIME-ANALYTICS-001 | B13: Runtime Discovery | C13: Closed | D13: Low | E13: Analytics / development console | F13: Rendered routes in local development | G13: Local analytics script produces 404 and MIME console errors | H13: Local development logs are noisy and can obscure other console issues. No application exception was reported, and production behavior was not tested. | I13: Run the local development server, load rendered routes, and inspect console/network for /_vercel/insights/script.js returning 404 text/plain and strict MIME rejection. | J13: Development analytics should be disabled, stubbed, or load without recurring console errors; production behavior requires separate proof. | K13: No product correction authorized. Preserve this disposition as history and re-open only with new public, measured, or user-impact evidence. | L13: runtime-discovery.md: Console/network observations and Findings and limits #1; Rejected as a public product defect: local development returns a nonblocking 404/MIME observation, while the public Insights script is healthy JavaScript and analytics remains nonblocking. Evidence: /tmp/portfolio-feature-audit/baseline/contact-system-report.md; Closed/Rejected and reconfirmed: local Insights 404/MIME output is hosting-specific and nonblocking; public delivery was healthy.; Linked Feature IDs: PF-404-003, PF-OPS-006 | M13: Analytics environment verification | N13: Not applicable | O13: Unassigned | P13: 46257 | Q13: 46257.605 | R13: /tmp/portfolio-feature-audit/runtime-discovery.md; /tmp/portfolio-feature-audit/baseline/reconciliation-report.md; /tmp/portfolio-feature-audit/postfix/integration-report.md
A14: BL-SYS-001 | B14: Baseline Verification | C14: Verified | D14: Low | E14: Feedback / state observability | F14: /contact → Prepare email draft | G14: Contact preparing state is never observable | H14: The promised progress/status state never exists, including while synchronous telemetry and mailto construction block the submit handler. | I14: Intercept mailto anchor clicks; observe form aria-busy, submit-button disabled state, spinner, and live status; submit a valid inquiry. The DOM moves directly from idle to success. | J14: The form becomes busy/disabled and renders Preparing draft feedback before the requested/success state. | K14: Yield or flush the preparing render before synchronous work, or remove the promised transient state and use truthful neutral completion/recovery messaging. Add a MutationObserver-backed regression test.; Implemented and independently verified; retain the cited regression coverage. | L14: src/components/ContactComposer.tsx: handleSubmit batches setStatus(preparing), analytics, anchor.click, and setStatus(success); baseline MutationObserver found no preparing mutation. Evidence: /tmp/portfolio-feature-audit/baseline/contact-system/contact-interactions.md; Fixed/Verified: busy/disabled/spinner/Preparing state was observable for about 302ms before neutral completion.; Linked Feature IDs: PF-CONTACT-009, PF-CONTACT-011 | M14: /harden | N14: WCAG 4.1.3 intent (status messages) | O14: Unassigned | P14: 46257.561 | Q14: 46257.605 | R14: /tmp/portfolio-feature-audit/baseline/contact-system-report.md; /tmp/portfolio-feature-audit/baseline/contact-system/contact-interactions.md; /tmp/portfolio-feature-audit/postfix/contact-system-results.json; /tmp/portfolio-feature-audit/fix/contact-fixes.md; /tmp/portfolio-feature-audit/postfix/integration-report.md

Sheet Test Runs
A1: Test Run ID | B1: Phase | C1: Scope / Route | D1: Viewport / Environment | E1: Scenario | F1: Expected | G1: Observed | H1: Result | I1: Evidence | J1: Executed At | K1: Owner | L1: Notes
A2: TR-RUNTIME-001 | B2: Runtime Discovery | C2: Route inventory | D2: Desktop 1440x1000 | E2: Render five route states and two metadata endpoints | F2: Five rendered states and two machine endpoints respond | G2: Five states rendered; robots.txt and sitemap.xml returned 200 | H2: Passed | I2: /tmp/portfolio-feature-audit/runtime-discovery.md: Outcome; Route and control inventory | J2: 46257 | K2: Unassigned | L2: Discovery evidence only; no production verification unless explicitly stated.
A3: TR-RUNTIME-002 | B3: Runtime Discovery | C3: / | D3: Desktop 1440x1000 | E3: Load static Home and inspect controls | F3: Home renders static delivery and expected CTAs/projects | G3: 200; 15 visible/focusable controls; expected navigation and project links present | H3: Passed | I3: /tmp/portfolio-feature-audit/runtime-discovery.md: Route and control inventory | J3: 46257 | K3: Unassigned | L3: Discovery evidence only; no production verification unless explicitly stated.
A4: TR-RUNTIME-003 | B4: Runtime Discovery | C4: /about | D4: Desktop 1440x1000 | E4: Load About and inspect controls | F4: About renders identity and navigation content | G4: 200; 8 visible/focusable controls | H4: Passed | I4: /tmp/portfolio-feature-audit/runtime-discovery.md: Route and control inventory | J4: 46257 | K4: Unassigned | L4: Discovery evidence only; no production verification unless explicitly stated.
A5: TR-RUNTIME-004 | B5: Runtime Discovery | C5: /projects | D5: Desktop 1440x1000 | E5: Load project explorer | F5: Seven projects and explorer controls render | G5: 200; 25 visible/focusable controls | H5: Passed | I5: /tmp/portfolio-feature-audit/runtime-discovery.md: Route and control inventory | J5: 46257 | K5: Unassigned | L5: Discovery evidence only; no production verification unless explicitly stated.
A6: TR-RUNTIME-005 | B6: Runtime Discovery | C6: /contact | D6: Desktop 1440x1000 | E6: Load contact composer | F6: Contact controls and secondary channels render | G6: 200; 19 visible/focusable controls | H6: Passed | I6: /tmp/portfolio-feature-audit/runtime-discovery.md: Route and control inventory | J6: 46257 | K6: Unassigned | L6: Discovery evidence only; no production verification unless explicitly stated.
A7: TR-RUNTIME-006 | B7: Runtime Discovery | C7: Branded 404 | D7: Desktop 1440x1000 | E7: Load invalid route and exercise recovery links | F7: 404 shell renders and three recovery routes navigate | G7: Branded 404 rendered; Home, Projects, and Contact recovery links navigated correctly | H7: Passed | I7: /tmp/portfolio-feature-audit/runtime-discovery.md: Shared navigation and recovery | J7: 46257 | K7: Unassigned | L7: Discovery evidence only; no production verification unless explicitly stated.
A8: TR-RUNTIME-007 | B8: Runtime Discovery | C8: Projects filters | D8: Desktop 1440x1000 | E8: Exercise All, Studio, Client, and Product filters | F8: Counts, cards, aria-pressed, and live result update | G8: All 7; Studio 1; Client 3; Product 3; state and live announcement updated | H8: Passed | I8: /tmp/portfolio-feature-audit/runtime-discovery.md: Projects explorer | J8: 46257 | K8: Unassigned | L8: Discovery evidence only; no production verification unless explicitly stated.
A9: TR-RUNTIME-008 | B9: Runtime Discovery | C9: Projects case studies | D9: Desktop keyboard | E9: Open all disclosures and toggle first with Enter | F9: Native disclosures work independently by mouse and keyboard | G9: All seven opened; first closed with Enter | H9: Passed | I9: /tmp/portfolio-feature-audit/runtime-discovery.md: Projects explorer | J9: 46257 | K9: Unassigned | L9: Discovery evidence only; no production verification unless explicitly stated.
A10: TR-RUNTIME-009 | B10: Runtime Discovery | C10: Contact clipboard | D10: Headless Chromium | E10: Use real clipboard path | F10: Copy or truthful recovery feedback | G10: Host clipboard write rejected; fallback and Try copy again state appeared | H10: Passed with caveat | I10: /tmp/portfolio-feature-audit/runtime-discovery.md: Contact | J10: 46257 | K10: Unassigned | L10: Discovery evidence only; no production verification unless explicitly stated.
A11: TR-RUNTIME-010 | B11: Runtime Discovery | C11: Contact clipboard | D11: Headless Chromium with controlled stub | E11: Simulate successful clipboard write and reset | F11: Copied state, live announcement, and timed reset | G11: Copied state and expected live announcement observed; success was simulated | H11: Passed with caveat | I11: /tmp/portfolio-feature-audit/runtime-discovery.md: Contact | J11: 46257 | K11: Unassigned | L11: Discovery evidence only; no production verification unless explicitly stated.
A12: TR-RUNTIME-011 | B12: Runtime Discovery | C12: Contact validation | D12: Desktop keyboard | E12: Submit empty/invalid values | F12: All field errors appear and focus moves to first invalid field | G12: All expected errors observed; focus moved to Your name | H12: Passed | I12: /tmp/portfolio-feature-audit/runtime-discovery.md: Contact | J12: 46257 | K12: Unassigned | L12: Discovery evidence only; no production verification unless explicitly stated.
A13: TR-RUNTIME-012 | B13: Runtime Discovery | C13: Contact mailto | D13: Headless Chromium with safe interception | E13: Submit valid values without launching mail app | F13: Encoded draft contains all fields and nothing sends automatically | G13: Complete encoded subject/body captured; UI reported mail app should open | H13: Passed with caveat | I13: /tmp/portfolio-feature-audit/runtime-discovery.md: Contact | J13: 46257 | K13: Unassigned | L13: Discovery evidence only; no production verification unless explicitly stated.
... A31: TR-POST-RECON-001 | B31: Post-Fix Verification | C31: Canonical 78-story and 13-defect reconciliation | D31: Three post-fix result ledgers plus integration evidence | E31: Reconcile all IDs, migrate PF-PROJ-011 performance contract, defects, formulas, and evidence | F31: 75 Pass, 3 Blocked, 0 Fail/Not Run; nine Verified repairs, four Closed/rejected defects | G31: 78/78 reconciled; PF-PROJ-011 raw Fail preserved and final Pass under authorized lazy/auto contract | H31: Passed | I31: /tmp/portfolio-feature-audit/postfix/final-ledger-report.md; /tmp/portfolio-feature-audit/postfix/final-ledger-validation.json | J31: 46257.605 | K31: QA | L31: Canonical workbook writer run; baseline status/evidence/history preserved.

Sheet Lists
A1: Feature Phases | B1: Defect Phases | C1: Lifecycle Statuses | D1: Severities | E1: Owners | F1: Verification Statuses | G1: Test Results | H1: All Phases | I1: Activation States | J1: Fix Statuses
A2: Code Inventory | B2: Static UX Audit | C2: Documented | D2: Critical | E2: Unassigned | F2: Not Run | G2: Passed | H2: Code Inventory | I2: Active | J2: Not Started
B3: Runtime Discovery | C3: Candidate | D3: High | E3: Product | F3: Pass | G3: Passed with caveat | H3: Static UX Audit | I3: Inactive / Dormant | J3: In Progress
B4: Baseline Verification | C4: Planned | D4: Medium | E4: Design | F4: Pass with caveat | G4: Candidate | H4: Runtime Discovery | J4: Fixed
B5: Post-Fix Verification | C5: In Progress | D5: Low | E5: Engineering | F5: Fail | G5: Failed | H5: Baseline Verification | J5: Deferred
C6: Verified | E6: QA | F6: Blocked | G6: Not Run | H6: Post-Fix Verification | J6: Won't Fix
C7: Deferred | E7: Accessibility
C8: Closed | E8: Performance
